Workbook

Sheet DASHBOARD
A1: MONITORING BANTUAN TEKNIS - ASISTENSI TEKNIS
B3: Total Laporan | D3: Selesai | F3: Masih Proses | H3: % Selesai
B4: =COUNTA('Data R1'!$C$4:$C$1001)+COUNTA('Data R2'!$C$4:$C$1001)+COUNTA('Data R3'!$C$4:$C$1001)+COUNTA('Data R4'!$C$4:$C$1001)+COUNTA('Data R5'!$C$4:$C$1001)+COUNTA('Data R6'!$C$4:$C$1001)+COUNTA('Data R7'!$C$4:$C$1001)+COUNTA('Data R4P'!$C$4:$C$1001)+COUNTA('Data SW'!$C$4:$C$1001) | D4: =COUNTIF('Data R1'!$AC$4:$AC$1001,"SELESAI")+COUNTIF('Data R2'!$AC$4:$AC$1001,"SELESAI")+COUNTIF('Data R3'!$AC$4:$AC$1001,"SELESAI")+COUNTIF('Data R4'!$AC$4:$AC$1001,"SELESAI")+COUNTIF('Data R5'!$AC$4:$AC$1001,"SELESAI")+COUNTIF('Data R6'!$AC$4:$AC$1001,"SELESAI")+COUNTIF('Data R7'!$AC$4:$AC$1001,"SELESAI")+COUNTIF('Data R4P'!$AC$4:$AC$1001,"SELESAI")+COUNTIF('Data SW'!$AC$4:$AC$1001,"SELESAI") | F4: =COUNTIF('Data R1'!$AC$4:$AC$1001,"PROSES")+COUNTIF('Data R2'!$AC$4:$AC$1001,"PROSES")+COUNTIF('Data R3'!$AC$4:$AC$1001,"PROSES")+COUNTIF('Data R4'!$AC$4:$AC$1001,"PROSES")+COUNTIF('Data R5'!$AC$4:$AC$1001,"PROSES")+COUNTIF('Data R6'!$AC$4:$AC$1001,"PROSES")+COUNTIF('Data R7'!$AC$4:$AC$1001,"PROSES")+COUNTIF('Data R4P'!$AC$4:$AC$1001,"PROSES")+COUNTIF('Data SW'!$AC$4:$AC$1001,"PROSES") | H4: =IF(B4=0,0,ROUND(D4/B4*100,1))
A6: RINGKASAN STATUS PER REGIONAL
A7: Regional | B7: Total | C7: Selesai | D7: Proses | E7: % Selesai
A8: Regional 1 | B8: =COUNTA('Data R1'!$C$4:$C$1001) | C8: =COUNTIF('Data R1'!$AC$4:$AC$1001,"SELESAI") | D8: =COUNTIF('Data R1'!$AC$4:$AC$1001,"PROSES") | E8: =IF(B8=0,0,ROUND(C8/B8*100,1))
A9: Regional 2 | B9: =COUNTA('Data R2'!$C$4:$C$1001) | C9: =COUNTIF('Data R2'!$AC$4:$AC$1001,"SELESAI") | D9: =COUNTIF('Data R2'!$AC$4:$AC$1001,"PROSES") | E9: =IF(B9=0,0,ROUND(C9/B9*100,1))
A10: Regional 3 | B10: =COUNTA('Data R3'!$C$4:$C$1001) | C10: =COUNTIF('Data R3'!$AC$4:$AC$1001,"SELESAI") | D10: =COUNTIF('Data R3'!$AC$4:$AC$1001,"PROSES") | E10: =IF(B10=0,0,ROUND(C10/B10*100,1))
A11: Regional 4 | B11: =COUNTA('Data R4'!$C$4:$C$1001) | C11: =COUNTIF('Data R4'!$AC$4:$AC$1001,"SELESAI") | D11: =COUNTIF('Data R4'!$AC$4:$AC$1001,"PROSES") | E11: =IF(B11=0,0,ROUND(C11/B11*100,1))
A12: Regional 5 | B12: =COUNTA('Data R5'!$C$4:$C$1001) | C12: =COUNTIF('Data R5'!$AC$4:$AC$1001,"SELESAI") | D12: =COUNTIF('Data R5'!$AC$4:$AC$1001,"PROSES") | E12: =IF(B12=0,0,ROUND(C12/B12*100,1))
A13: Regional 6 | B13: =COUNTA('Data R6'!$C$4:$C$1001) | C13: =COUNTIF('Data R6'!$AC$4:$AC$1001,"SELESAI") | D13: =COUNTIF('Data R6'!$AC$4:$AC$1001,"PROSES") | E13: =IF(B13=0,0,ROUND(C13/B13*100,1))
A14: Regional 7 | B14: =COUNTA('Data R7'!$C$4:$C$1001) | C14: =COUNTIF('Data R7'!$AC$4:$AC$1001,"SELESAI") | D14: =COUNTIF('Data R7'!$AC$4:$AC$1001,"PROSES") | E14: =IF(B14=0,0,ROUND(C14/B14*100,1))
A15: Regional 4 Palmco | B15: =COUNTA('Data R4P'!$C$4:$C$1001) | C15: =COUNTIF('Data R4P'!$AC$4:$AC$1001,"SELESAI") | D15: =COUNTIF('Data R4P'!$AC$4:$AC$1001,"PROSES") | E15: =IF(B15=0,0,ROUND(C15/B15*100,1))
A16: PT Swasta / PPKS | B16: =COUNTA('Data SW'!$C$4:$C$1001) | C16: =COUNTIF('Data SW'!$AC$4:$AC$1001,"SELESAI") | D16: =COUNTIF('Data SW'!$AC$4:$AC$1001,"PROSES") | E16: =IF(B16=0,0,ROUND(C16/B16*100,1))
A17: TOTAL | B17: =SUM(B8:B16) | C17: =SUM(C8:C16) | D17: =SUM(D8:D16) | E17: =IF(B17=0,0,ROUND(C17/B17*100,1))
A19: MATRIK SELESAI per Regional x Tahun
A20: Regional | B20: 2024 | C20: 2025 | D20: 2026 | E20: TOTAL
A21: Regional 1 | B21: =COUNTIFS('Data R1'!$AD$4:$AD$1001,2024,'Data R1'!$AC$4:$AC$1001,"SELESAI") | C21: =COUNTIFS('Data R1'!$AD$4:$AD$1001,2025,'Data R1'!$AC$4:$AC$1001,"SELESAI") | D21: =COUNTIFS('Data R1'!$AD$4:$AD$1001,2026,'Data R1'!$AC$4:$AC$1001,"SELESAI") | E21: =SUM(B21:D21)
A22: Regional 2 | B22: =COUNTIFS('Data R2'!$AD$4:$AD$1001,2024,'Data R2'!$AC$4:$AC$1001,"SELESAI") | C22: =COUNTIFS('Data R2'!$AD$4:$AD$1001,2025,'Data R2'!$AC$4:$AC$1001,"SELESAI") | D22: =COUNTIFS('Data R2'!$AD$4:$AD$1001,2026,'Data R2'!$AC$4:$AC$1001,"SELESAI") | E22: =SUM(B22:D22)
A23: Regional 3 | B23: =COUNTIFS('Data R3'!$AD$4:$AD$1001,2024,'Data R3'!$AC$4:$AC$1001,"SELESAI") | C23: =COUNTIFS('Data R3'!$AD$4:$AD$1001,2025,'Data R3'!$AC$4:$AC$1001,"SELESAI") | D23: =COUNTIFS('Data R3'!$AD$4:$AD$1001,2026,'Data R3'!$AC$4:$AC$1001,"SELESAI") | E23: =SUM(B23:D23)
A24: Regional 4 | B24: =COUNTIFS('Data R4'!$AD$4:$AD$1001,2024,'Data R4'!$AC$4:$AC$1001,"SELESAI") | C24: =COUNTIFS('Data R4'!$AD$4:$AD$1001,2025,'Data R4'!$AC$4:$AC$1001,"SELESAI") | D24: =COUNTIFS('Data R4'!$AD$4:$AD$1001,2026,'Data R4'!$AC$4:$AC$1001,"SELESAI") | E24: =SUM(B24:D24)
A25: Regional 5 | B25: =COUNTIFS('Data R5'!$AD$4:$AD$1001,2024,'Data R5'!$AC$4:$AC$1001,"SELESAI") | C25: =COUNTIFS('Data R5'!$AD$4:$AD$1001,2025,'Data R5'!$AC$4:$AC$1001,"SELESAI") | D25: =COUNTIFS('Data R5'!$AD$4:$AD$1001,2026,'Data R5'!$AC$4:$AC$1001,"SELESAI") | E25: =SUM(B25:D25)
A26: Regional 6 | B26: =COUNTIFS('Data R6'!$AD$4:$AD$1001,2024,'Data R6'!$AC$4:$AC$1001,"SELESAI") | C26: =COUNTIFS('Data R6'!$AD$4:$AD$1001,2025,'Data R6'!$AC$4:$AC$1001,"SELESAI") | D26: =COUNTIFS('Data R6'!$AD$4:$AD$1001,2026,'Data R6'!$AC$4:$AC$1001,"SELESAI") | E26: =SUM(B26:D26)
A27: Regional 7 | B27: =COUNTIFS('Data R7'!$AD$4:$AD$1001,2024,'Data R7'!$AC$4:$AC$1001,"SELESAI") | C27: =COUNTIFS('Data R7'!$AD$4:$AD$1001,2025,'Data R7'!$AC$4:$AC$1001,"SELESAI") | D27: =COUNTIFS('Data R7'!$AD$4:$AD$1001,2026,'Data R7'!$AC$4:$AC$1001,"SELESAI") | E27: =SUM(B27:D27)
A28: Regional 4 Palmco | B28: =COUNTIFS('Data R4P'!$AD$4:$AD$1001,2024,'Data R4P'!$AC$4:$AC$1001,"SELESAI") | C28: =COUNTIFS('Data R4P'!$AD$4:$AD$1001,2025,'Data R4P'!$AC$4:$AC$1001,"SELESAI") | D28: =COUNTIFS('Data R4P'!$AD$4:$AD$1001,2026,'Data R4P'!$AC$4:$AC$1001,"SELESAI") | E28: =SUM(B28:D28)
A29: PT Swasta / PPKS | B29: =COUNTIFS('Data SW'!$AD$4:$AD$1001,2024,'Data SW'!$AC$4:$AC$1001,"SELESAI") | C29: =COUNTIFS('Data SW'!$AD$4:$AD$1001,2025,'Data SW'!$AC$4:$AC$1001,"SELESAI") | D29: =COUNTIFS('Data SW'!$AD$4:$AD$1001,2026,'Data SW'!$AC$4:$AC$1001,"SELESAI") | E29: =SUM(B29:D29)
A30: TOTAL | B30: =SUM(B21:B29) | C30: =SUM(C21:C29) | D30: =SUM(D21:D29) | E30: =SUM(E21:E29)
A32: MATRIK PROSES per Regional x Tahun
A33: Regional | B33: 2024 | C33: 2025 | D33: 2026 | E33: TOTAL
A34: Regional 1 | B34: =COUNTIFS('Data R1'!$AD$4:$AD$1001,2024,'Data R1'!$AC$4:$AC$1001,"PROSES") | C34: =COUNTIFS('Data R1'!$AD$4:$AD$1001,2025,'Data R1'!$AC$4:$AC$1001,"PROSES") | D34: =COUNTIFS('Data R1'!$AD$4:$AD$1001,2026,'Data R1'!$AC$4:$AC$1001,"PROSES") | E34: =SUM(B34:D34)
A35: Regional 2 | B35: =COUNTIFS('Data R2'!$AD$4:$AD$1001,2024,'Data R2'!$AC$4:$AC$1001,"PROSES") | C35: =COUNTIFS('Data R2'!$AD$4:$AD$1001,2025,'Data R2'!$AC$4:$AC$1001,"PROSES") | D35: =COUNTIFS('Data R2'!$AD$4:$AD$1001,2026,'Data R2'!$AC$4:$AC$1001,"PROSES") | E35: =SUM(B35:D35)
A36: Regional 3 | B36: =COUNTIFS('Data R3'!$AD$4:$AD$1001,2024,'Data R3'!$AC$4:$AC$1001,"PROSES") | C36: =COUNTIFS('Data R3'!$AD$4:$AD$1001,2025,'Data R3'!$AC$4:$AC$1001,"PROSES") | D36: =COUNTIFS('Data R3'!$AD$4:$AD$1001,2026,'Data R3'!$AC$4:$AC$1001,"PROSES") | E36: =SUM(B36:D36)
A37: Regional 4 | B37: =COUNTIFS('Data R4'!$AD$4:$AD$1001,2024,'Data R4'!$AC$4:$AC$1001,"PROSES") | C37: =COUNTIFS('Data R4'!$AD$4:$AD$1001,2025,'Data R4'!$AC$4:$AC$1001,"PROSES") | D37: =COUNTIFS('Data R4'!$AD$4:$AD$1001,2026,'Data R4'!$AC$4:$AC$1001,"PROSES") | E37: =SUM(B37:D37)
A38: Regional 5 | B38: =COUNTIFS('Data R5'!$AD$4:$AD$1001,2024,'Data R5'!$AC$4:$AC$1001,"PROSES") | C38: =COUNTIFS('Data R5'!$AD$4:$AD$1001,2025,'Data R5'!$AC$4:$AC$1001,"PROSES") | D38: =COUNTIFS('Data R5'!$AD$4:$AD$1001,2026,'Data R5'!$AC$4:$AC$1001,"PROSES") | E38: =SUM(B38:D38)
A39: Regional 6 | B39: =COUNTIFS('Data R6'!$AD$4:$AD$1001,2024,'Data R6'!$AC$4:$AC$1001,"PROSES") | C39: =COUNTIFS('Data R6'!$AD$4:$AD$1001,2025,'Data R6'!$AC$4:$AC$1001,"PROSES") | D39: =COUNTIFS('Data R6'!$AD$4:$AD$1001,2026,'Data R6'!$AC$4:$AC$1001,"PROSES") | E39: =SUM(B39:D39)
A40: Regional 7 | B40: =COUNTIFS('Data R7'!$AD$4:$AD$1001,2024,'Data R7'!$AC$4:$AC$1001,"PROSES") | C40: =COUNTIFS('Data R7'!$AD$4:$AD$1001,2025,'Data R7'!$AC$4:$AC$1001,"PROSES") | D40: =COUNTIFS('Data R7'!$AD$4:$AD$1001,2026,'Data R7'!$AC$4:$AC$1001,"PROSES") | E40: =SUM(B40:D40)
A41: Regional 4 Palmco | B41: =COUNTIFS('Data R4P'!$AD$4:$AD$1001,2024,'Data R4P'!$AC$4:$AC$1001,"PROSES") | C41: =COUNTIFS('Data R4P'!$AD$4:$AD$1001,2025,'Data R4P'!$AC$4:$AC$1001,"PROSES") | D41: =COUNTIFS('Data R4P'!$AD$4:$AD$1001,2026,'Data R4P'!$AC$4:$AC$1001,"PROSES") | E41: =SUM(B41:D41)
A42: PT Swasta / PPKS | B42: =COUNTIFS('Data SW'!$AD$4:$AD$1001,2024,'Data SW'!$AC$4:$AC$1001,"PROSES") | C42: =COUNTIFS('Data SW'!$AD$4:$AD$1001,2025,'Data SW'!$AC$4:$AC$1001,"PROSES") | D42: =COUNTIFS('Data SW'!$AD$4:$AD$1001,2026,'Data SW'!$AC$4:$AC$1001,"PROSES") | E42: =SUM(B42:D42)
A43: TOTAL | B43: =SUM(B34:B42) | C43: =SUM(C34:C42) | D43: =SUM(D34:D42) | E43: =SUM(E34:E42)
A45: STATUS PER KATEGORI KEGIATAN
A46: Kategori | B46: Total | C46: Selesai | D46: Proses | E46: % Selesai
A47: (Tidak ada kegiatan) | B47: =COUNTIF('DATA DASH'!$K$2:$K$8983,$A47) | C47: =COUNTIFS('DATA DASH'!$K$2:$K$8983,$A47,'DATA DASH'!$H$2:$H$8983,"SELESAI") | D47: =B47-C47 | E47: =IF(B47=0,0,ROUND(C47/B47*100,1))
A48: Tanam Ulang / Program TU | B48: =COUNTIF('DATA DASH'!$K$2:$K$8983,$A48) | C48: =COUNTIFS('DATA DASH'!$K$2:$K$8983,$A48,'DATA DASH'!$H$2:$H$8983,"SELESAI") | D48: =B48-C48 | E48: =IF(B48=0,0,ROUND(C48/B48*100,1))
A49: Bibit / Lewat Umur | B49: =COUNTIF('DATA DASH'!$K$2:$K$8983,$A49) | C49: =COUNTIFS('DATA DASH'!$K$2:$K$8983,$A49,'DATA DASH'!$H$2:$H$8983,"SELESAI") | D49: =B49-C49 | E49: =IF(B49=0,0,ROUND(C49/B49*100,1))
A50: Areal Non Produktif / Puso | B50: =COUNTIF('DATA DASH'!$K$2:$K$8983,$A50) | C50: =COUNTIFS('DATA DASH'!$K$2:$K$8983,$A50,'DATA DASH'!$H$2:$H$8983,"SELESAI") | D50: =B50-C50 | E50: =IF(B50=0,0,ROUND(C50/B50*100,1))
A51: Produksi / Kultur Teknis | B51: =COUNTIF('DATA DASH'!$K$2:$K$8983,$A51) | C51: =COUNTIFS('DATA DASH'!$K$2:$K$8983,$A51,'DATA DASH'!$H$2:$H$8983,"SELESAI") | D51: =B51-C51 | E51: =IF(B51=0,0,ROUND(C51/B51*100,1))
A52: BT / FS (Kajian Kelayakan) | B52: =COUNTIF('DATA DASH'!$K$2:$K$8983,$A52) | C52: =COUNTIFS('DATA DASH'!$K$2:$K$8983,$A52,'DATA DASH'!$H$2:$H$8983,"SELESAI") | D52: =B52-C52 | E52: =IF(B52=0,0,ROUND(C52/B52*100,1))
A53: Evaluasi/Kajian/Pemeriksaan | B53: =COUNTIF('DATA DASH'!$K$2:$K$8983,$A53) | C53: =COUNTIFS('DATA DASH'!$K$2:$K$8983,$A53,'DATA DASH'!$H$2:$H$8983,"SELESAI") | D53: =B53-C53 | E53: =IF(B53=0,0,ROUND(C53/B53*100,1))
A54: Lainnya | B54: =COUNTIF('DATA DASH'!$K$2:$K$8983,$A54) | C54: =COUNTIFS('DATA DASH'!$K$2:$K$8983,$A54,'DATA DASH'!$H$2:$H$8983,"SELESAI") | D54: =B54-C54 | E54: =IF(B54=0,0,ROUND(C54/B54*100,1))
A55: TOTAL | B55: =SUM(B47:B54) | C55: =SUM(C47:C54) | D55: =SUM(D47:D54) | E55: =IF(B55=0,0,ROUND(C55/B55*100,1))
A57: BEBAN PER KOREKTOR (dari header Data R...)
A58: Korektor | B58: Total Beban | C58: Selesai | D58: Proses | E58: % Selesai
A59: Pak Edi Sigit Sutarta | B59: =COUNTIF('Data R1'!$J$4:$J$1001,">0")+COUNTIF('Data R2'!$J$4:$J$1001,">0")+COUNTIF('Data R3'!$J$4:$J$1001,">0")+COUNTIF('Data R4'!$J$4:$J$1001,">0")+COUNTIF('Data R5'!$J$4:$J$1001,">0")+COUNTIF('Data R6'!$J$4:$J$1001,">0")+COUNTIF('Data R7'!$J$4:$J$1001,">0")+COUNTIF('Data R4P'!$J$4:$J$1001,">0")+COUNTIF('Data SW'!$J$4:$J$1001,">0") | C59: =COUNTIFS('Data R1'!$J$4:$J$1001,">0",'Data R1'!$AC$4:$AC$1001,"SELESAI")+COUNTIFS('Data R2'!$J$4:$J$1001,">0",'Data R2'!$AC$4:$AC$1001,"SELESAI")+COUNTIFS('Data R3'!$J$4:$J$1001,">0",'Data R3'!$AC$4:$AC$1001,"SELESAI")+COUNTIFS('Data R4'!$J$4:$J$1001,">0",'Data R4'!$AC$4:$AC$1001,"SELESAI")+COUNTIFS('Data R5'!$J$4:$J$1001,">0",'Data R5'!$AC$4:$AC$1001,"SELESAI")+COUNTIFS('Data R6'!$J$4:$J$1001,">0",'Data R6'!$AC$4:$AC$1001,"SELESAI")+COUNTIFS('Data R7'!$J$4:$J$1001,">0",'Data R7'!$AC$4:$AC$1001,"SELESAI")+COUNTIFS('Data R4P'!$J$4:$J$1001,">0",'Data R4P'!$AC$4:$AC$1001,"SELESAI")+COUNTIFS('Data SW'!$J$4:$J$1001,">0",'Data SW'!$AC$4:$AC$1001,"SELESAI") | D59: =B59-C59 | E59: =IF(B59=0,0,ROUND(C59/B59*100,1))
A60: Pak Iput Pradiko | B60: =COUNTIF('Data R1'!$L$4:$L$1001,">0")+COUNTIF('Data R2'!$L$4:$L$1001,">0")+COUNTIF('Data R3'!$L$4:$L$1001,">0")+COUNTIF('Data R4'!$L$4:$L$1001,">0")+COUNTIF('Data R5'!$L$4:$L$1001,">0")+COUNTIF('Data R6'!$L$4:$L$1001,">0")+COUNTIF('Data R7'!$L$4:$L$1001,">0")+COUNTIF('Data R4P'!$L$4:$L$1001,">0")+COUNTIF('Data SW'!$L$4:$L$1001,">0") | C60: =COUNTIFS('Data R1'!$L$4:$L$1001,">0",'Data R1'!$AC$4:$AC$1001,"SELESAI")+COUNTIFS('Data R2'!$L$4:$L$1001,">0",'Data R2'!$AC$4:$AC$1001,"SELESAI")+COUNTIFS('Data R3'!$L$4:$L$1001,">0",'Data R3'!$AC$4:$AC$1001,"SELESAI")+COUNTIFS('Data R4'!$L$4:$L$1001,">0",'Data R4'!$AC$4:$AC$1001,"SELESAI")+COUNTIFS('Data R5'!$L$4:$L$1001,">0",'Data R5'!$AC$4:$AC$1001,"SELESAI")+COUNTIFS('Data R6'!$L$4:$L$1001,">0",'Data R6'!$AC$4:$AC$1001,"SELESAI")+COUNTIFS('Data R7'!$L$4:$L$1001,">0",'Data R7'!$AC$4:$AC$1001,"SELESAI")+COUNTIFS('Data R4P'!$L$4:$L$1001,">0",'Data R4P'!$AC$4:$AC$1001,"SELESAI")+COUNTIFS('Data SW'!$L$4:$L$1001,">0",'Data SW'!$AC$4:$AC$1001,"SELESAI") | D60: =B60-C60 | E60: =IF(B60=0,0,ROUND(C60/B60*100,1))
A61: Buk Nuzul Hijri | B61: =COUNTIF('Data R1'!$N$4:$N$1001,">0")+COUNTIF('Data R2'!$N$4:$N$1001,">0")+COUNTIF('Data R3'!$N$4:$N$1001,">0")+COUNTIF('Data R4'!$N$4:$N$1001,">0")+COUNTIF('Data R5'!$N$4:$N$1001,">0")+COUNTIF('Data R6'!$N$4:$N$1001,">0")+COUNTIF('Data R7'!$N$4:$N$1001,">0")+COUNTIF('Data R4P'!$N$4:$N$1001,">0")+COUNTIF('Data SW'!$N$4:$N$1001,">0") | C61: =COUNTIFS('Data R1'!$N$4:$N$1001,">0",'Data R1'!$AC$4:$AC$1001,"SELESAI")+COUNTIFS('Data R2'!$N$4:$N$1001,">0",'Data R2'!$AC$4:$AC$1001,"SELESAI")+COUNTIFS('Data R3'!$N$4:$N$1001,">0",'Data R3'!$AC$4:$AC$1001,"SELESAI")+COUNTIFS('Data R4'!$N$4:$N$1001,">0",'Data R4'!$AC$4:$AC$1001,"SELESAI")+COUNTIFS('Data R5'!$N$4:$N$1001,">0",'Data R5'!$AC$4:$AC$1001,"SELESAI")+COUNTIFS('Data R6'!$N$4:$N$1001,">0",'Data R6'!$AC$4:$AC$1001,"SELESAI")+COUNTIFS('Data R7'!$N$4:$N$1001,">0",'Data R7'!$AC$4:$AC$1001,"SELESAI")+COUNTIFS('Data R4P'!$N$4:$N$1001,">0",'Data R4P'!$AC$4:$AC$1001,"SELESAI")+COUNTIFS('Data SW'!$N$4:$N$1001,">0",'Data SW'!$AC$4:$AC$1001,"SELESAI") | D61: =B61-C61 | E61: =IF(B61=0,0,ROUND(C61/B61*100,1))
A62: Pak Madiyuanto | B62: =COUNTIF('Data R1'!$R$4:$R$1001,">0")+COUNTIF('Data R2'!$T$4:$T$1001,">0")+COUNTIF('Data R3'!$P$4:$P$1001,">0")+COUNTIF('Data R4'!$P$4:$P$1001,">0")+COUNTIF('Data R5'!$P$4:$P$1001,">0")+COUNTIF('Data R6'!$P$4:$P$1001,">0")+COUNTIF('Data R7'!$P$4:$P$1001,">0")+COUNTIF('Data R4P'!$P$4:$P$1001,">0")+COUNTIF('Data SW'!$R$4:$R$1001,">0") | C62: =COUNTIFS('Data R1'!$R$4:$R$1001,">0",'Data R1'!$AC$4:$AC$1001,"SELESAI")+COUNTIFS('Data R2'!$T$4:$T$1001,">0",'Data R2'!$AC$4:$AC$1001,"SELESAI")+COUNTIFS('Data R3'!$P$4:$P$1001,">0",'Data R3'!$AC$4:$AC$1001,"SELESAI")+COUNTIFS('Data R4'!$P$4:$P$1001,">0",'Data R4'!$AC$4:$AC$1001,"SELESAI")+COUNTIFS('Data R5'!$P$4:$P$1001,">0",'Data R5'!$AC$4:$AC$1001,"SELESAI")+COUNTIFS('Data R6'!$P$4:$P$1001,">0",'Data R6'!$AC$4:$AC$1001,"SELESAI")+COUNTIFS('Data R7'!$P$4:$P$1001,">0",'Data R7'!$AC$4:$AC$1001,"SELESAI")+COUNTIFS('Data R4P'!$P$4:$P$1001,">0",'Data R4P'!$AC$4:$AC$1001,"SELESAI")+COUNTIFS('Data SW'!$R$4:$R$1001,">0",'Data SW'!$AC$4:$AC$1001,"SELESAI") | D62: =B62-C62 | E62: =IF(B62=0,0,ROUND(C62/B62*100,1))
A63: Pak Desra | B63: =COUNTIF('Data R1'!$X$4:$X$1001,">0")+COUNTIF('Data R2'!$X$4:$X$1001,">0")+COUNTIF('Data R3'!$T$4:$T$1001,">0")+COUNTIF('Data R4'!$V$4:$V$1001,">0")+COUNTIF('Data R5'!$T$4:$T$1001,">0")+COUNTIF('Data R6'!$T$4:$T$1001,">0")+COUNTIF('Data R7'!$V$4:$V$1001,">0")+COUNTIF('Data R4P'!$V$4:$V$1001,">0")+COUNTIF('Data SW'!$X$4:$X$1001,">0") | C63: =COUNTIFS('Data R1'!$X$4:$X$1001,">0",'Data R1'!$AC$4:$AC$1001,"SELESAI")+COUNTIFS('Data R2'!$X$4:$X$1001,">0",'Data R2'!$AC$4:$AC$1001,"SELESAI")+COUNTIFS('Data R3'!$T$4:$T$1001,">0",'Data R3'!$AC$4:$AC$1001,"SELESAI")+COUNTIFS('Data R4'!$V$4:$V$1001,">0",'Data R4'!$AC$4:$AC$1001,"SELESAI")+COUNTIFS('Data R5'!$T$4:$T$1001,">0",'Data R5'!$AC$4:$AC$1001,"SELESAI")+COUNTIFS('Data R6'!$T$4:$T$1001,">0",'Data R6'!$AC$4:$AC$1001,"SELESAI")+COUNTIFS('Data R7'!$V$4:$V$1001,">0",'Data R7'!$AC$4:$AC$1001,"SELESAI")+COUNTIFS('Data R4P'!$V$4:$V$1001,">0",'Data R4P'!$AC$4:$AC$1001,"SELESAI")+COUNTIFS('Data SW'!$X$4:$X$1001,">0",'Data SW'!$AC$4:$AC$1001,"SELESAI") | D63: =B63-C63 | E63: =IF(B63=0,0,ROUND(C63/B63*100,1))
A64: Buk Ratna | B64: =COUNTIF('Data R1'!$T$4:$T$1001,">0")+COUNTIF('Data R2'!$V$4:$V$1001,">0")+COUNTIF('Data R3'!$R$4:$R$1001,">0")+COUNTIF('Data R4'!$T$4:$T$1001,">0")+COUNTIF('Data R5'!$R$4:$R$1001,">0")+COUNTIF('Data R6'!$R$4:$R$1001,">0")+COUNTIF('Data R7'!$R$4:$R$1001,">0")+COUNTIF('Data SW'!$T$4:$T$1001,">0") | C64: =COUNTIFS('Data R1'!$T$4:$T$1001,">0",'Data R1'!$AC$4:$AC$1001,"SELESAI")+COUNTIFS('Data R2'!$V$4:$V$1001,">0",'Data R2'!$AC$4:$AC$1001,"SELESAI")+COUNTIFS('Data R3'!$R$4:$R$1001,">0",'Data R3'!$AC$4:$AC$1001,"SELESAI")+COUNTIFS('Data R4'!$T$4:$T$1001,">0",'Data R4'!$AC$4:$AC$1001,"SELESAI")+COUNTIFS('Data R5'!$R$4:$R$1001,">0",'Data R5'!$AC$4:$AC$1001,"SELESAI")+COUNTIFS('Data R6'!$R$4:$R$1001,">0",'Data R6'!$AC$4:$AC$1001,"SELESAI")+COUNTIFS('Data R7'!$R$4:$R$1001,">0",'Data R7'!$AC$4:$AC$1001,"SELESAI")+COUNTIFS('Data SW'!$T$4:$T$1001,">0",'Data SW'!$AC$4:$AC$1001,"SELESAI") | D64: =B64-C64 | E64: =IF(B64=0,0,ROUND(C64/B64*100,1))
A65: Pak M Yusuf M | B65: =COUNTIF('Data R3'!$V$4:$V$1001,">0")+COUNTIF('Data R4'!$X$4:$X$1001,">0")+COUNTIF('Data R5'!$V$4:$V$1001,">0")+COUNTIF('Data R6'!$V$4:$V$1001,">0")+COUNTIF('Data R7'!$X$4:$X$1001,">0") | C65: =COUNTIFS('Data R3'!$V$4:$V$1001,">0",'Data R3'!$AC$4:$AC$1001,"SELESAI")+COUNTIFS('Data R4'!$X$4:$X$1001,">0",'Data R4'!$AC$4:$AC$1001,"SELESAI")+COUNTIFS('Data R5'!$V$4:$V$1001,">0",'Data R5'!$AC$4:$AC$1001,"SELESAI")+COUNTIFS('Data R6'!$V$4:$V$1001,">0",'Data R6'!$AC$4:$AC$1001,"SELESAI")+COUNTIFS('Data R7'!$X$4:$X$1001,">0",'Data R7'!$AC$4:$AC$1001,"SELESAI") | D65: =B65-C65 | E65: =IF(B65=0,0,ROUND(C65/B65*100,1))
A66: Pak Eko | B66: =COUNTIF('Data R1'!$P$4:$P$1001,">0")+COUNTIF('Data R2'!$R$4:$R$1001,">0")+COUNTIF('Data SW'!$P$4:$P$1001,">0") | C66: =COUNTIFS('Data R1'!$P$4:$P$1001,">0",'Data R1'!$AC$4:$AC$1001,"SELESAI")+COUNTIFS('Data R2'!$R$4:$R$1001,">0",'Data R2'!$AC$4:$AC$1001,"SELESAI")+COUNTIFS('Data SW'!$P$4:$P$1001,">0",'Data SW'!$AC$4:$AC$1001,"SELESAI") | D66: =B66-C66 | E66: =IF(B66=0,0,ROUND(C66/B66*100,1))
A67: Pak Josep | B67: =COUNTIF('Data R1'!$V$4:$V$1001,">0")+COUNTIF('Data R7'!$T$4:$T$1001,">0")+COUNTIF('Data SW'!$V$4:$V$1001,">0") | C67: =COUNTIFS('Data R1'!$V$4:$V$1001,">0",'Data R1'!$AC$4:$AC$1001,"SELESAI")+COUNTIFS('Data R7'!$T$4:$T$1001,">0",'Data R7'!$AC$4:$AC$1001,"SELESAI")+COUNTIFS('Data SW'!$V$4:$V$1001,">0",'Data SW'!$AC$4:$AC$1001,"SELESAI") | D67: =B67-C67 | E67: =IF(B67=0,0,ROUND(C67/B67*100,1))
A68: Verifikator | B68: =COUNTIF('Data R3'!$X$4:$X$1001,">0")+COUNTIF('Data R5'!$X$4:$X$1001,">0")+COUNTIF('Data R6'!$X$4:$X$1001,">0") | C68: =COUNTIFS('Data R3'!$X$4:$X$1001,">0",'Data R3'!$AC$4:$AC$1001,"SELESAI")+COUNTIFS('Data R5'!$X$4:$X$1001,">0",'Data R5'!$AC$4:$AC$1001,"SELESAI")+COUNTIFS('Data R6'!$X$4:$X$1001,">0",'Data R6'!$AC$4:$AC$1001,"SELESAI") | D68: =B68-C68 | E68: =IF(B68=0,0,ROUND(C68/B68*100,1))
A69: Pak Fandi Hidayat | B69: =COUNTIF('Data R4'!$R$4:$R$1001,">0")+COUNTIF('Data R4P'!$R$4:$R$1001,">0") | C69: =COUNTIFS('Data R4'!$R$4:$R$1001,">0",'Data R4'!$AC$4:$AC$1001,"SELESAI")+COUNTIFS('Data R4P'!$R$4:$R$1001,">0",'Data R4P'!$AC$4:$AC$1001,"SELESAI") | D69: =B69-C69 | E69: =IF(B69=0,0,ROUND(C69/B69*100,1))
A70: Pak Prast | B70: =COUNTIF('Data R2'!$P$4:$P$1001,">0") | C70: =COUNTIFS('Data R2'!$P$4:$P$1001,">0",'Data R2'!$AC$4:$AC$1001,"SELESAI") | D70: =B70-C70 | E70: =IF(B70=0,0,ROUND(C70/B70*100,1))
A71: Pak Chandra | B71: =COUNTIF('Data R4P'!$T$4:$T$1001,">0") | C71: =COUNTIFS('Data R4P'!$T$4:$T$1001,">0",'Data R4P'!$AC$4:$AC$1001,"SELESAI") | D71: =B71-C71 | E71: =IF(B71=0,0,ROUND(C71/B71*100,1))
A72: Pak Agus Eko Prasetyo | B72: =COUNTIF('Data R4P'!$X$4:$X$1001,">0") | C72: =COUNTIFS('Data R4P'!$X$4:$X$1001,">0",'Data R4P'!$AC$4:$AC$1001,"SELESAI") | D72: =B72-C72 | E72: =IF(B72=0,0,ROUND(C72/B72*100,1))
A73: TOTAL | B73: =SUM(B59:B72) | C73: =SUM(C59:C72) | D73: =SUM(D59:D72) | E73: =IF(B73=0,0,ROUND(C73/B73*100,1))
A75: BEBAN PER KOREKTOR PER REGIONAL
A76: Korektor | B76: Regional 1 | C76: Regional 2 | D76: Regional 3 | E76: Regional 4 | F76: Regional 5 | G76: Regional 6 | H76: Regional 7 | I76: Regional 4 Palmco | J76: PT Swasta / PPKS | K76: TOTAL
A77: Pak Edi Sigit Sutarta | B77: =COUNTIF('Data R1'!$J$4:$J$1001,">0") | C77: =COUNTIF('Data R2'!$J$4:$J$1001,">0") | D77: =COUNTIF('Data R3'!$J$4:$J$1001,">0") | E77: =COUNTIF('Data R4'!$J$4:$J$1001,">0") | F77: =COUNTIF('Data R5'!$J$4:$J$1001,">0") | G77: =COUNTIF('Data R6'!$J$4:$J$1001,">0") | H77: =COUNTIF('Data R7'!$J$4:$J$1001,">0") | I77: =COUNTIF('Data R4P'!$J$4:$J$1001,">0") | J77: =COUNTIF('Data SW'!$J$4:$J$1001,">0") | K77: =SUM(B77:J77)
A78: Pak Iput Pradiko | B78: =COUNTIF('Data R1'!$L$4:$L$1001,">0") | C78: =COUNTIF('Data R2'!$L$4:$L$1001,">0") | D78: =COUNTIF('Data R3'!$L$4:$L$1001,">0") | E78: =COUNTIF('Data R4'!$L$4:$L$1001,">0") | F78: =COUNTIF('Data R5'!$L$4:$L$1001,">0") | G78: =COUNTIF('Data R6'!$L$4:$L$1001,">0") | H78: =COUNTIF('Data R7'!$L$4:$L$1001,">0") | I78: =COUNTIF('Data R4P'!$L$4:$L$1001,">0") | J78: =COUNTIF('Data SW'!$L$4:$L$1001,">0") | K78: =SUM(B78:J78)
A79: Buk Nuzul Hijri | B79: =COUNTIF('Data R1'!$N$4:$N$1001,">0") | C79: =COUNTIF('Data R2'!$N$4:$N$1001,">0") | D79: =COUNTIF('Data R3'!$N$4:$N$1001,">0") | E79: =COUNTIF('Data R4'!$N$4:$N$1001,">0") | F79: =COUNTIF('Data R5'!$N$4:$N$1001,">0") | G79: =COUNTIF('Data R6'!$N$4:$N$1001,">0") | H79: =COUNTIF('Data R7'!$N$4:$N$1001,">0") | I79: =COUNTIF('Data R4P'!$N$4:$N$1001,">0") | J79: =COUNTIF('Data SW'!$N$4:$N$1001,">0") | K79: =SUM(B79:J79)
A80: Pak Madiyuanto | B80: =COUNTIF('Data R1'!$R$4:$R$1001,">0") | C80: =COUNTIF('Data R2'!$T$4:$T$1001,">0") | D80: =COUNTIF('Data R3'!$P$4:$P$1001,">0") | E80: =COUNTIF('Data R4'!$P$4:$P$1001,">0") | F80: =COUNTIF('Data R5'!$P$4:$P$1001,">0") | G80: =COUNTIF('Data R6'!$P$4:$P$1001,">0") | H80: =COUNTIF('Data R7'!$P$4:$P$1001,">0") | I80: =COUNTIF('Data R4P'!$P$4:$P$1001,">0") | J80: =COUNTIF('Data SW'!$R$4:$R$1001,">0") | K80: =SUM(B80:J80)
A81: Pak Desra | B81: =COUNTIF('Data R1'!$X$4:$X$1001,">0") | C81: =COUNTIF('Data R2'!$X$4:$X$1001,">0") | D81: =COUNTIF('Data R3'!$T$4:$T$1001,">0") | E81: =COUNTIF('Data R4'!$V$4:$V$1001,">0") | F81: =COUNTIF('Data R5'!$T$4:$T$1001,">0") | G81: =COUNTIF('Data R6'!$T$4:$T$1001,">0") | H81: =COUNTIF('Data R7'!$V$4:$V$1001,">0") | I81: =COUNTIF('Data R4P'!$V$4:$V$1001,">0") | J81: =COUNTIF('Data SW'!$X$4:$X$1001,">0") | K81: =SUM(B81:J81)
A82: Buk Ratna | B82: =COUNTIF('Data R1'!$T$4:$T$1001,">0") | C82: =COUNTIF('Data R2'!$V$4:$V$1001,">0") | D82: =COUNTIF('Data R3'!$R$4:$R$1001,">0") | E82: =COUNTIF('Data R4'!$T$4:$T$1001,">0") | F82: =COUNTIF('Data R5'!$R$4:$R$1001,">0") | G82: =COUNTIF('Data R6'!$R$4:$R$1001,">0") | H82: =COUNTIF('Data R7'!$R$4:$R$1001,">0") | I82: 0 | J82: =COUNTIF('Data SW'!$T$4:$T$1001,">0") | K82: =SUM(B82:J82)
A83: Pak M Yusuf M | B83: 0 | C83: 0 | D83: =COUNTIF('Data R3'!$V$4:$V$1001,">0") | E83: =COUNTIF('Data R4'!$X$4:$X$1001,">0") | F83: =COUNTIF('Data R5'!$V$4:$V$1001,">0") | G83: =COUNTIF('Data R6'!$V$4:$V$1001,">0") | H83: =COUNTIF('Data R7'!$X$4:$X$1001,">0") | I83: 0 | J83: 0 | K83: =SUM(B83:J83)
A84: Pak Eko | B84: =COUNTIF('Data R1'!$P$4:$P$1001,">0") | C84: =COUNTIF('Data R2'!$R$4:$R$1001,">0") | D84: 0 | E84: 0 | F84: 0 | G84: 0 | H84: 0 | I84: 0 | J84: =COUNTIF('Data SW'!$P$4:$P$1001,">0") | K84: =SUM(B84:J84)
A85: Pak Josep | B85: =COUNTIF('Data R1'!$V$4:$V$1001,">0") | C85: 0 | D85: 0 | E85: 0 | F85: 0 | G85: 0 | H85: =COUNTIF('Data R7'!$T$4:$T$1001,">0") | I85: 0 | J85: =COUNTIF('Data SW'!$V$4:$V$1001,">0") | K85: =SUM(B85:J85)
A86: Verifikator | B86: 0 | C86: 0 | D86: =COUNTIF('Data R3'!$X$4:$X$1001,">0") | E86: 0 | F86: =COUNTIF('Data R5'!$X$4:$X$1001,">0") | G86: =COUNTIF('Data R6'!$X$4:$X$1001,">0") | H86: 0 | I86: 0 | J86: 0 | K86: =SUM(B86:J86)
A87: Pak Fandi Hidayat | B87: 0 | C87: 0 | D87: 0 | E87: =COUNTIF('Data R4'!$R$4:$R$1001,">0") | F87: 0 | G87: 0 | H87: 0 | I87: =COUNTIF('Data R4P'!$R$4:$R$1001,">0") | J87: 0 | K87: =SUM(B87:J87)
A88: Pak Prast | B88: 0 | C88: =COUNTIF('Data R2'!$P$4:$P$1001,">0") | D88: 0 | E88: 0 | F88: 0 | G88: 0 | H88: 0 | I88: 0 | J88: 0 | K88: =SUM(B88:J88)
A89: Pak Chandra | B89: 0 | C89: 0 | D89: 0 | E89: 0 | F89: 0 | G89: 0 | H89: 0 | I89: =COUNTIF('Data R4P'!$T$4:$T$1001,">0") | J89: 0 | K89: =SUM(B89:J89)
A90: Pak Agus Eko Prasetyo | B90: 0 | C90: 0 | D90: 0 | E90: 0 | F90: 0 | G90: 0 | H90: 0 | I90: =COUNTIF('Data R4P'!$X$4:$X$1001,">0") | J90: 0 | K90: =SUM(B90:J90)
A91: TOTAL | B91: =SUM(B77:B90) | C91: =SUM(C77:C90) | D91: =SUM(D77:D90) | E91: =SUM(E77:E90) | F91: =SUM(F77:F90) | G91: =SUM(G77:G90) | H91: =SUM(H77:H90) | I91: =SUM(I77:I90) | J91: =SUM(J77:J90) | K91: =SUM(B91:J91)
A93: BEBAN PER KOREKTOR PER TAHUN
A94: Korektor | B94: 2024 | C94: 2025 | D94: 2026 | E94: TOTAL
A95: Pak Edi Sigit Sutarta | B95: =COUNTIFS('Data R1'!$J$4:$J$1001,">0",'Data R1'!$AD$4:$AD$1001,2024)+COUNTIFS('Data R2'!$J$4:$J$1001,">0",'Data R2'!$AD$4:$AD$1001,2024)+COUNTIFS('Data R3'!$J$4:$J$1001,">0",'Data R3'!$AD$4:$AD$1001,2024)+COUNTIFS('Data R4'!$J$4:$J$1001,">0",'Data R4'!$AD$4:$AD$1001,2024)+COUNTIFS('Data R5'!$J$4:$J$1001,">0",'Data R5'!$AD$4:$AD$1001,2024)+COUNTIFS('Data R6'!$J$4:$J$1001,">0",'Data R6'!$AD$4:$AD$1001,2024)+COUNTIFS('Data R7'!$J$4:$J$1001,">0",'Data R7'!$AD$4:$AD$1001,2024)+COUNTIFS('Data R4P'!$J$4:$J$1001,">0",'Data R4P'!$AD$4:$AD$1001,2024)+COUNTIFS('Data SW'!$J$4:$J$1001,">0",'Data SW'!$AD$4:$AD$1001,2024) | C95: =COUNTIFS('Data R1'!$J$4:$J$1001,">0",'Data R1'!$AD$4:$AD$1001,2025)+COUNTIFS('Data R2'!$J$4:$J$1001,">0",'Data R2'!$AD$4:$AD$1001,2025)+COUNTIFS('Data R3'!$J$4:$J$1001,">0",'Data R3'!$AD$4:$AD$1001,2025)+COUNTIFS('Data R4'!$J$4:$J$1001,">0",'Data R4'!$AD$4:$AD$1001,2025)+COUNTIFS('Data R5'!$J$4:$J$1001,">0",'Data R5'!$AD$4:$AD$1001,2025)+COUNTIFS('Data R6'!$J$4:$J$1001,">0",'Data R6'!$AD$4:$AD$1001,2025)+COUNTIFS('Data R7'!$J$4:$J$1001,">0",'Data R7'!$AD$4:$AD$1001,2025)+COUNTIFS('Data R4P'!$J$4:$J$1001,">0",'Data R4P'!$AD$4:$AD$1001,2025)+COUNTIFS('Data SW'!$J$4:$J$1001,">0",'Data SW'!$AD$4:$AD$1001,2025) | D95: =COUNTIFS('Data R1'!$J$4:$J$1001,">0",'Data R1'!$AD$4:$AD$1001,2026)+COUNTIFS('Data R2'!$J$4:$J$1001,">0",'Data R2'!$AD$4:$AD$1001,2026)+COUNTIFS('Data R3'!$J$4:$J$1001,">0",'Data R3'!$AD$4:$AD$1001,2026)+COUNTIFS('Data R4'!$J$4:$J$1001,">0",'Data R4'!$AD$4:$AD$1001,2026)+COUNTIFS('Data R5'!$J$4:$J$1001,">0",'Data R5'!$AD$4:$AD$1001,2026)+COUNTIFS('Data R6'!$J$4:$J$1001,">0",'Data R6'!$AD$4:$AD$1001,2026)+COUNTIFS('Data R7'!$J$4:$J$1001,">0",'Data R7'!$AD$4:$AD$1001,2026)+COUNTIFS('Data R4P'!$J$4:$J$1001,">0",'Data R4P'!$AD$4:$AD$1001,2026)+COUNTIFS('Data SW'!$J$4:$J$1001,">0",'Data SW'!$AD$4:$AD$1001,2026) | E95: =SUM(B95:D95)
A96: Pak Iput Pradiko | B96: =COUNTIFS('Data R1'!$L$4:$L$1001,">0",'Data R1'!$AD$4:$AD$1001,2024)+COUNTIFS('Data R2'!$L$4:$L$1001,">0",'Data R2'!$AD$4:$AD$1001,2024)+COUNTIFS('Data R3'!$L$4:$L$1001,">0",'Data R3'!$AD$4:$AD$1001,2024)+COUNTIFS('Data R4'!$L$4:$L$1001,">0",'Data R4'!$AD$4:$AD$1001,2024)+COUNTIFS('Data R5'!$L$4:$L$1001,">0",'Data R5'!$AD$4:$AD$1001,2024)+COUNTIFS('Data R6'!$L$4:$L$1001,">0",'Data R6'!$AD$4:$AD$1001,2024)+COUNTIFS('Data R7'!$L$4:$L$1001,">0",'Data R7'!$AD$4:$AD$1001,2024)+COUNTIFS('Data R4P'!$L$4:$L$1001,">0",'Data R4P'!$AD$4:$AD$1001,2024)+COUNTIFS('Data SW'!$L$4:$L$1001,">0",'Data SW'!$AD$4:$AD$1001,2024) | C96: =COUNTIFS('Data R1'!$L$4:$L$1001,">0",'Data R1'!$AD$4:$AD$1001,2025)+COUNTIFS('Data R2'!$L$4:$L$1001,">0",'Data R2'!$AD$4:$AD$1001,2025)+COUNTIFS('Data R3'!$L$4:$L$1001,">0",'Data R3'!$AD$4:$AD$1001,2025)+COUNTIFS('Data R4'!$L$4:$L$1001,">0",'Data R4'!$AD$4:$AD$1001,2025)+COUNTIFS('Data R5'!$L$4:$L$1001,">0",'Data R5'!$AD$4:$AD$1001,2025)+COUNTIFS('Data R6'!$L$4:$L$1001,">0",'Data R6'!$AD$4:$AD$1001,2025)+COUNTIFS('Data R7'!$L$4:$L$1001,">0",'Data R7'!$AD$4:$AD$1001,2025)+COUNTIFS('Data R4P'!$L$4:$L$1001,">0",'Data R4P'!$AD$4:$AD$1001,2025)+COUNTIFS('Data SW'!$L$4:$L$1001,">0",'Data SW'!$AD$4:$AD$1001,2025) | D96: =COUNTIFS('Data R1'!$L$4:$L$1001,">0",'Data R1'!$AD$4:$AD$1001,2026)+COUNTIFS('Data R2'!$L$4:$L$1001,">0",'Data R2'!$AD$4:$AD$1001,2026)+COUNTIFS('Data R3'!$L$4:$L$1001,">0",'Data R3'!$AD$4:$AD$1001,2026)+COUNTIFS('Data R4'!$L$4:$L$1001,">0",'Data R4'!$AD$4:$AD$1001,2026)+COUNTIFS('Data R5'!$L$4:$L$1001,">0",'Data R5'!$AD$4:$AD$1001,2026)+COUNTIFS('Data R6'!$L$4:$L$1001,">0",'Data R6'!$AD$4:$AD$1001,2026)+COUNTIFS('Data R7'!$L$4:$L$1001,">0",'Data R7'!$AD$4:$AD$1001,2026)+COUNTIFS('Data R4P'!$L$4:$L$1001,">0",'Data R4P'!$AD$4:$AD$1001,2026)+COUNTIFS('Data SW'!$L$4:$L$1001,">0",'Data SW'!$AD$4:$AD$1001,2026) | E96: =SUM(B96:D96)
A97: Buk Nuzul Hijri | B97: =COUNTIFS('Data R1'!$N$4:$N$1001,">0",'Data R1'!$AD$4:$AD$1001,2024)+COUNTIFS('Data R2'!$N$4:$N$1001,">0",'Data R2'!$AD$4:$AD$1001,2024)+COUNTIFS('Data R3'!$N$4:$N$1001,">0",'Data R3'!$AD$4:$AD$1001,2024)+COUNTIFS('Data R4'!$N$4:$N$1001,">0",'Data R4'!$AD$4:$AD$1001,2024)+COUNTIFS('Data R5'!$N$4:$N$1001,">0",'Data R5'!$AD$4:$AD$1001,2024)+COUNTIFS('Data R6'!$N$4:$N$1001,">0",'Data R6'!$AD$4:$AD$1001,2024)+COUNTIFS('Data R7'!$N$4:$N$1001,">0",'Data R7'!$AD$4:$AD$1001,2024)+COUNTIFS('Data R4P'!$N$4:$N$1001,">0",'Data R4P'!$AD$4:$AD$1001,2024)+COUNTIFS('Data SW'!$N$4:$N$1001,">0",'Data SW'!$AD$4:$AD$1001,2024) | C97: =COUNTIFS('Data R1'!$N$4:$N$1001,">0",'Data R1'!$AD$4:$AD$1001,2025)+COUNTIFS('Data R2'!$N$4:$N$1001,">0",'Data R2'!$AD$4:$AD$1001,2025)+COUNTIFS('Data R3'!$N$4:$N$1001,">0",'Data R3'!$AD$4:$AD$1001,2025)+COUNTIFS('Data R4'!$N$4:$N$1001,">0",'Data R4'!$AD$4:$AD$1001,2025)+COUNTIFS('Data R5'!$N$4:$N$1001,">0",'Data R5'!$AD$4:$AD$1001,2025)+COUNTIFS('Data R6'!$N$4:$N$1001,">0",'Data R6'!$AD$4:$AD$1001,2025)+COUNTIFS('Data R7'!$N$4:$N$1001,">0",'Data R7'!$AD$4:$AD$1001,2025)+COUNTIFS('Data R4P'!$N$4:$N$1001,">0",'Data R4P'!$AD$4:$AD$1001,2025)+COUNTIFS('Data SW'!$N$4:$N$1001,">0",'Data SW'!$AD$4:$AD$1001,2025) | D97: =COUNTIFS('Data R1'!$N$4:$N$1001,">0",'Data R1'!$AD$4:$AD$1001,2026)+COUNTIFS('Data R2'!$N$4:$N$1001,">0",'Data R2'!$AD$4:$AD$1001,2026)+COUNTIFS('Data R3'!$N$4:$N$1001,">0",'Data R3'!$AD$4:$AD$1001,2026)+COUNTIFS('Data R4'!$N$4:$N$1001,">0",'Data R4'!$AD$4:$AD$1001,2026)+COUNTIFS('Data R5'!$N$4:$N$1001,">0",'Data R5'!$AD$4:$AD$1001,2026)+COUNTIFS('Data R6'!$N$4:$N$1001,">0",'Data R6'!$AD$4:$AD$1001,2026)+COUNTIFS('Data R7'!$N$4:$N$1001,">0",'Data R7'!$AD$4:$AD$1001,2026)+COUNTIFS('Data R4P'!$N$4:$N$1001,">0",'Data R4P'!$AD$4:$AD$1001,2026)+COUNTIFS('Data SW'!$N$4:$N$1001,">0",'Data SW'!$AD$4:$AD$1001,2026) | E97: =SUM(B97:D97)
A98: Pak Madiyuanto | B98: =COUNTIFS('Data R1'!$R$4:$R$1001,">0",'Data R1'!$AD$4:$AD$1001,2024)+COUNTIFS('Data R2'!$T$4:$T$1001,">0",'Data R2'!$AD$4:$AD$1001,2024)+COUNTIFS('Data R3'!$P$4:$P$1001,">0",'Data R3'!$AD$4:$AD$1001,2024)+COUNTIFS('Data R4'!$P$4:$P$1001,">0",'Data R4'!$AD$4:$AD$1001,2024)+COUNTIFS('Data R5'!$P$4:$P$1001,">0",'Data R5'!$AD$4:$AD$1001,2024)+COUNTIFS('Data R6'!$P$4:$P$1001,">0",'Data R6'!$AD$4:$AD$1001,2024)+COUNTIFS('Data R7'!$P$4:$P$1001,">0",'Data R7'!$AD$4:$AD$1001,2024)+COUNTIFS('Data R4P'!$P$4:$P$1001,">0",'Data R4P'!$AD$4:$AD$1001,2024)+COUNTIFS('Data SW'!$R$4:$R$1001,">0",'Data SW'!$AD$4:$AD$1001,2024) | C98: =COUNTIFS('Data R1'!$R$4:$R$1001,">0",'Data R1'!$AD$4:$AD$1001,2025)+COUNTIFS('Data R2'!$T$4:$T$1001,">0",'Data R2'!$AD$4:$AD$1001,2025)+COUNTIFS('Data R3'!$P$4:$P$1001,">0",'Data R3'!$AD$4:$AD$1001,2025)+COUNTIFS('Data R4'!$P$4:$P$1001,">0",'Data R4'!$AD$4:$AD$1001,2025)+COUNTIFS('Data R5'!$P$4:$P$1001,">0",'Data R5'!$AD$4:$AD$1001,2025)+COUNTIFS('Data R6'!$P$4:$P$1001,">0",'Data R6'!$AD$4:$AD$1001,2025)+COUNTIFS('Data R7'!$P$4:$P$1001,">0",'Data R7'!$AD$4:$AD$1001,2025)+COUNTIFS('Data R4P'!$P$4:$P$1001,">0",'Data R4P'!$AD$4:$AD$1001,2025)+COUNTIFS('Data SW'!$R$4:$R$1001,">0",'Data SW'!$AD$4:$AD$1001,2025) | D98: =COUNTIFS('Data R1'!$R$4:$R$1001,">0",'Data R1'!$AD$4:$AD$1001,2026)+COUNTIFS('Data R2'!$T$4:$T$1001,">0",'Data R2'!$AD$4:$AD$1001,2026)+COUNTIFS('Data R3'!$P$4:$P$1001,">0",'Data R3'!$AD$4:$AD$1001,2026)+COUNTIFS('Data R4'!$P$4:$P$1001,">0",'Data R4'!$AD$4:$AD$1001,2026)+COUNTIFS('Data R5'!$P$4:$P$1001,">0",'Data R5'!$AD$4:$AD$1001,2026)+COUNTIFS('Data R6'!$P$4:$P$1001,">0",'Data R6'!$AD$4:$AD$1001,2026)+COUNTIFS('Data R7'!$P$4:$P$1001,">0",'Data R7'!$AD$4:$AD$1001,2026)+COUNTIFS('Data R4P'!$P$4:$P$1001,">0",'Data R4P'!$AD$4:$AD$1001,2026)+COUNTIFS('Data SW'!$R$4:$R$1001,">0",'Data SW'!$AD$4:$AD$1001,2026) | E98: =SUM(B98:D98)
A99: Pak Desra | B99: =COUNTIFS('Data R1'!$X$4:$X$1001,">0",'Data R1'!$AD$4:$AD$1001,2024)+COUNTIFS('Data R2'!$X$4:$X$1001,">0",'Data R2'!$AD$4:$AD$1001,2024)+COUNTIFS('Data R3'!$T$4:$T$1001,">0",'Data R3'!$AD$4:$AD$1001,2024)+COUNTIFS('Data R4'!$V$4:$V$1001,">0",'Data R4'!$AD$4:$AD$1001,2024)+COUNTIFS('Data R5'!$T$4:$T$1001,">0",'Data R5'!$AD$4:$AD$1001,2024)+COUNTIFS('Data R6'!$T$4:$T$1001,">0",'Data R6'!$AD$4:$AD$1001,2024)+COUNTIFS('Data R7'!$V$4:$V$1001,">0",'Data R7'!$AD$4:$AD$1001,2024)+COUNTIFS('Data R4P'!$V$4:$V$1001,">0",'Data R4P'!$AD$4:$AD$1001,2024)+COUNTIFS('Data SW'!$X$4:$X$1001,">0",'Data SW'!$AD$4:$AD$1001,2024) | C99: =COUNTIFS('Data R1'!$X$4:$X$1001,">0",'Data R1'!$AD$4:$AD$1001,2025)+COUNTIFS('Data R2'!$X$4:$X$1001,">0",'Data R2'!$AD$4:$AD$1001,2025)+COUNTIFS('Data R3'!$T$4:$T$1001,">0",'Data R3'!$AD$4:$AD$1001,2025)+COUNTIFS('Data R4'!$V$4:$V$1001,">0",'Data R4'!$AD$4:$AD$1001,2025)+COUNTIFS('Data R5'!$T$4:$T$1001,">0",'Data R5'!$AD$4:$AD$1001,2025)+COUNTIFS('Data R6'!$T$4:$T$1001,">0",'Data R6'!$AD$4:$AD$1001,2025)+COUNTIFS('Data R7'!$V$4:$V$1001,">0",'Data R7'!$AD$4:$AD$1001,2025)+COUNTIFS('Data R4P'!$V$4:$V$1001,">0",'Data R4P'!$AD$4:$AD$1001,2025)+COUNTIFS('Data SW'!$X$4:$X$1001,">0",'Data SW'!$AD$4:$AD$1001,2025) | D99: =COUNTIFS('Data R1'!$X$4:$X$1001,">0",'Data R1'!$AD$4:$AD$1001,2026)+COUNTIFS('Data R2'!$X$4:$X$1001,">0",'Data R2'!$AD$4:$AD$1001,2026)+COUNTIFS('Data R3'!$T$4:$T$1001,">0",'Data R3'!$AD$4:$AD$1001,2026)+COUNTIFS('Data R4'!$V$4:$V$1001,">0",'Data R4'!$AD$4:$AD$1001,2026)+COUNTIFS('Data R5'!$T$4:$T$1001,">0",'Data R5'!$AD$4:$AD$1001,2026)+COUNTIFS('Data R6'!$T$4:$T$1001,">0",'Data R6'!$AD$4:$AD$1001,2026)+COUNTIFS('Data R7'!$V$4:$V$1001,">0",'Data R7'!$AD$4:$AD$1001,2026)+COUNTIFS('Data R4P'!$V$4:$V$1001,">0",'Data R4P'!$AD$4:$AD$1001,2026)+COUNTIFS('Data SW'!$X$4:$X$1001,">0",'Data SW'!$AD$4:$AD$1001,2026) | E99: =SUM(B99:D99)
A100: Buk Ratna | B100: =COUNTIFS('Data R1'!$T$4:$T$1001,">0",'Data R1'!$AD$4:$AD$1001,2024)+COUNTIFS('Data R2'!$V$4:$V$1001,">0",'Data R2'!$AD$4:$AD$1001,2024)+COUNTIFS('Data R3'!$R$4:$R$1001,">0",'Data R3'!$AD$4:$AD$1001,2024)+COUNTIFS('Data R4'!$T$4:$T$1001,">0",'Data R4'!$AD$4:$AD$1001,2024)+COUNTIFS('Data R5'!$R$4:$R$1001,">0",'Data R5'!$AD$4:$AD$1001,2024)+COUNTIFS('Data R6'!$R$4:$R$1001,">0",'Data R6'!$AD$4:$AD$1001,2024)+COUNTIFS('Data R7'!$R$4:$R$1001,">0",'Data R7'!$AD$4:$AD$1001,2024)+COUNTIFS('Data SW'!$T$4:$T$1001,">0",'Data SW'!$AD$4:$AD$1001,2024) | C100: =COUNTIFS('Data R1'!$T$4:$T$1001,">0",'Data R1'!$AD$4:$AD$1001,2025)+COUNTIFS('Data R2'!$V$4:$V$1001,">0",'Data R2'!$AD$4:$AD$1001,2025)+COUNTIFS('Data R3'!$R$4:$R$1001,">0",'Data R3'!$AD$4:$AD$1001,2025)+COUNTIFS('Data R4'!$T$4:$T$1001,">0",'Data R4'!$AD$4:$AD$1001,2025)+COUNTIFS('Data R5'!$R$4:$R$1001,">0",'Data R5'!$AD$4:$AD$1001,2025)+COUNTIFS('Data R6'!$R$4:$R$1001,">0",'Data R6'!$AD$4:$AD$1001,2025)+COUNTIFS('Data R7'!$R$4:$R$1001,">0",'Data R7'!$AD$4:$AD$1001,2025)+COUNTIFS('Data SW'!$T$4:$T$1001,">0",'Data SW'!$AD$4:$AD$1001,2025) | D100: =COUNTIFS('Data R1'!$T$4:$T$1001,">0",'Data R1'!$AD$4:$AD$1001,2026)+COUNTIFS('Data R2'!$V$4:$V$1001,">0",'Data R2'!$AD$4:$AD$1001,2026)+COUNTIFS('Data R3'!$R$4:$R$1001,">0",'Data R3'!$AD$4:$AD$1001,2026)+COUNTIFS('Data R4'!$T$4:$T$1001,">0",'Data R4'!$AD$4:$AD$1001,2026)+COUNTIFS('Data R5'!$R$4:$R$1001,">0",'Data R5'!$AD$4:$AD$1001,2026)+COUNTIFS('Data R6'!$R$4:$R$1001,">0",'Data R6'!$AD$4:$AD$1001,2026)+COUNTIFS('Data R7'!$R$4:$R$1001,">0",'Data R7'!$AD$4:$AD$1001,2026)+COUNTIFS('Data SW'!$T$4:$T$1001,">0",'Data SW'!$AD$4:$AD$1001,2026) | E100: =SUM(B100:D100)
A101: Pak M Yusuf M | B101: =COUNTIFS('Data R3'!$V$4:$V$1001,">0",'Data R3'!$AD$4:$AD$1001,2024)+COUNTIFS('Data R4'!$X$4:$X$1001,">0",'Data R4'!$AD$4:$AD$1001,2024)+COUNTIFS('Data R5'!$V$4:$V$1001,">0",'Data R5'!$AD$4:$AD$1001,2024)+COUNTIFS('Data R6'!$V$4:$V$1001,">0",'Data R6'!$AD$4:$AD$1001,2024)+COUNTIFS('Data R7'!$X$4:$X$1001,">0",'Data R7'!$AD$4:$AD$1001,2024) | C101: =COUNTIFS('Data R3'!$V$4:$V$1001,">0",'Data R3'!$AD$4:$AD$1001,2025)+COUNTIFS('Data R4'!$X$4:$X$1001,">0",'Data R4'!$AD$4:$AD$1001,2025)+COUNTIFS('Data R5'!$V$4:$V$1001,">0",'Data R5'!$AD$4:$AD$1001,2025)+COUNTIFS('Data R6'!$V$4:$V$1001,">0",'Data R6'!$AD$4:$AD$1001,2025)+COUNTIFS('Data R7'!$X$4:$X$1001,">0",'Data R7'!$AD$4:$AD$1001,2025) | D101: =COUNTIFS('Data R3'!$V$4:$V$1001,">0",'Data R3'!$AD$4:$AD$1001,2026)+COUNTIFS('Data R4'!$X$4:$X$1001,">0",'Data R4'!$AD$4:$AD$1001,2026)+COUNTIFS('Data R5'!$V$4:$V$1001,">0",'Data R5'!$AD$4:$AD$1001,2026)+COUNTIFS('Data R6'!$V$4:$V$1001,">0",'Data R6'!$AD$4:$AD$1001,2026)+COUNTIFS('Data R7'!$X$4:$X$1001,">0",'Data R7'!$AD$4:$AD$1001,2026) | E101: =SUM(B101:D101)
A102: Pak Eko | B102: =COUNTIFS('Data R1'!$P$4:$P$1001,">0",'Data R1'!$AD$4:$AD$1001,2024)+COUNTIFS('Data R2'!$R$4:$R$1001,">0",'Data R2'!$AD$4:$AD$1001,2024)+COUNTIFS('Data SW'!$P$4:$P$1001,">0",'Data SW'!$AD$4:$AD$1001,2024) | C102: =COUNTIFS('Data R1'!$P$4:$P$1001,">0",'Data R1'!$AD$4:$AD$1001,2025)+COUNTIFS('Data R2'!$R$4:$R$1001,">0",'Data R2'!$AD$4:$AD$1001,2025)+COUNTIFS('Data SW'!$P$4:$P$1001,">0",'Data SW'!$AD$4:$AD$1001,2025) | D102: =COUNTIFS('Data R1'!$P$4:$P$1001,">0",'Data R1'!$AD$4:$AD$1001,2026)+COUNTIFS('Data R2'!$R$4:$R$1001,">0",'Data R2'!$AD$4:$AD$1001,2026)+COUNTIFS('Data SW'!$P$4:$P$1001,">0",'Data SW'!$AD$4:$AD$1001,2026) | E102: =SUM(B102:D102)
A103: Pak Josep | B103: =COUNTIFS('Data R1'!$V$4:$V$1001,">0",'Data R1'!$AD$4:$AD$1001,2024)+COUNTIFS('Data R7'!$T$4:$T$1001,">0",'Data R7'!$AD$4:$AD$1001,2024)+COUNTIFS('Data SW'!$V$4:$V$1001,">0",'Data SW'!$AD$4:$AD$1001,2024) | C103: =COUNTIFS('Data R1'!$V$4:$V$1001,">0",'Data R1'!$AD$4:$AD$1001,2025)+COUNTIFS('Data R7'!$T$4:$T$1001,">0",'Data R7'!$AD$4:$AD$1001,2025)+COUNTIFS('Data SW'!$V$4:$V$1001,">0",'Data SW'!$AD$4:$AD$1001,2025) | D103: =COUNTIFS('Data R1'!$V$4:$V$1001,">0",'Data R1'!$AD$4:$AD$1001,2026)+COUNTIFS('Data R7'!$T$4:$T$1001,">0",'Data R7'!$AD$4:$AD$1001,2026)+COUNTIFS('Data SW'!$V$4:$V$1001,">0",'Data SW'!$AD$4:$AD$1001,2026) | E103: =SUM(B103:D103)
A104: Verifikator | B104: =COUNTIFS('Data R3'!$X$4:$X$1001,">0",'Data R3'!$AD$4:$AD$1001,2024)+COUNTIFS('Data R5'!$X$4:$X$1001,">0",'Data R5'!$AD$4:$AD$1001,2024)+COUNTIFS('Data R6'!$X$4:$X$1001,">0",'Data R6'!$AD$4:$AD$1001,2024) | C104: =COUNTIFS('Data R3'!$X$4:$X$1001,">0",'Data R3'!$AD$4:$AD$1001,2025)+COUNTIFS('Data R5'!$X$4:$X$1001,">0",'Data R5'!$AD$4:$AD$1001,2025)+COUNTIFS('Data R6'!$X$4:$X$1001,">0",'Data R6'!$AD$4:$AD$1001,2025) | D104: =COUNTIFS('Data R3'!$X$4:$X$1001,">0",'Data R3'!$AD$4:$AD$1001,2026)+COUNTIFS('Data R5'!$X$4:$X$1001,">0",'Data R5'!$AD$4:$AD$1001,2026)+COUNTIFS('Data R6'!$X$4:$X$1001,">0",'Data R6'!$AD$4:$AD$1001,2026) | E104: =SUM(B104:D104)
A105: Pak Fandi Hidayat | B105: =COUNTIFS('Data R4'!$R$4:$R$1001,">0",'Data R4'!$AD$4:$AD$1001,2024)+COUNTIFS('Data R4P'!$R$4:$R$1001,">0",'Data R4P'!$AD$4:$AD$1001,2024) | C105: =COUNTIFS('Data R4'!$R$4:$R$1001,">0",'Data R4'!$AD$4:$AD$1001,2025)+COUNTIFS('Data R4P'!$R$4:$R$1001,">0",'Data R4P'!$AD$4:$AD$1001,2025) | D105: =COUNTIFS('Data R4'!$R$4:$R$1001,">0",'Data R4'!$AD$4:$AD$1001,2026)+COUNTIFS('Data R4P'!$R$4:$R$1001,">0",'Data R4P'!$AD$4:$AD$1001,2026) | E105: =SUM(B105:D105)
A106: Pak Prast | B106: =COUNTIFS('Data R2'!$P$4:$P$1001,">0",'Data R2'!$AD$4:$AD$1001,2024) | C106: =COUNTIFS('Data R2'!$P$4:$P$1001,">0",'Data R2'!$AD$4:$AD$1001,2025) | D106: =COUNTIFS('Data R2'!$P$4:$P$1001,">0",'Data R2'!$AD$4:$AD$1001,2026) | E106: =SUM(B106:D106)
A107: Pak Chandra | B107: =COUNTIFS('Data R4P'!$T$4:$T$1001,">0",'Data R4P'!$AD$4:$AD$1001,2024) | C107: =COUNTIFS('Data R4P'!$T$4:$T$1001,">0",'Data R4P'!$AD$4:$AD$1001,2025) | D107: =COUNTIFS('Data R4P'!$T$4:$T$1001,">0",'Data R4P'!$AD$4:$AD$1001,2026) | E107: =SUM(B107:D107)
A108: Pak Agus Eko Prasetyo | B108: =COUNTIFS('Data R4P'!$X$4:$X$1001,">0",'Data R4P'!$AD$4:$AD$1001,2024) | C108: =COUNTIFS('Data R4P'!$X$4:$X$1001,">0",'Data R4P'!$AD$4:$AD$1001,2025) | D108: =COUNTIFS('Data R4P'!$X$4:$X$1001,">0",'Data R4P'!$AD$4:$AD$1001,2026) | E108: =SUM(B108:D108)
...

Sheet DATA DASH
A1: Regional | B1: Perusahaan | C1: Kebun | D1: Petugas | E1: TanggalKunjungan | F1: Kegiatan | G1: Tahun | H1: Status | I1: JumlahKorektor | J1: AdaKeluar | K1: KategoriKegiatan | L1: KorektorPerKebun | M1: SumberBeban
A2: Regional 1 | B2: =IF('Data R1'!C4="","",'Data R1'!B4) | C2: =IF('Data R1'!C4="","",'Data R1'!C4) | D2: =IF('Data R1'!C4="","",'Data R1'!D4) | E2: =IF('Data R1'!C4="","",'Data R1'!E4) | F2: =IF('Data R1'!C4="","",'Data R1'!F4) | G2: =IF('Data R1'!C4="","",'Data R1'!AD4) | H2: =IF('Data R1'!C4="","",'Data R1'!AC4) | I2: =IF('Data R1'!C4="","",COUNTIF('Data R1'!J4,">0")+COUNTIF('Data R1'!L4,">0")+COUNTIF('Data R1'!N4,">0")+COUNTIF('Data R1'!P4,">0")+COUNTIF('Data R1'!R4,">0")+COUNTIF('Data R1'!T4,">0")+COUNTIF('Data R1'!V4,">0")+COUNTIF('Data R1'!X4,">0")) | J2: =IF('Data R1'!C4="","",IF((COUNTIF('Data R1'!K4,">0")+COUNTIF('Data R1'!M4,">0")+COUNTIF('Data R1'!O4,">0")+COUNTIF('Data R1'!Q4,">0")+COUNTIF('Data R1'!S4,">0")+COUNTIF('Data R1'!U4,">0")+COUNTIF('Data R1'!W4,">0")+COUNTIF('Data R1'!Y4,">0"))>0,1,0)) | K2: Produksi / Kultur Teknis | M2: Data R
A3: Regional 1 | B3: =IF('Data R1'!C5="","",'Data R1'!B5) | C3: =IF('Data R1'!C5="","",'Data R1'!C5) | D3: =IF('Data R1'!C5="","",'Data R1'!D5) | E3: =IF('Data R1'!C5="","",'Data R1'!E5) | F3: =IF('Data R1'!C5="","",'Data R1'!F5) | G3: =IF('Data R1'!C5="","",'Data R1'!AD5) | H3: =IF('Data R1'!C5="","",'Data R1'!AC5) | I3: =IF('Data R1'!C5="","",COUNTIF('Data R1'!J5,">0")+COUNTIF('Data R1'!L5,">0")+COUNTIF('Data R1'!N5,">0")+COUNTIF('Data R1'!P5,">0")+COUNTIF('Data R1'!R5,">0")+COUNTIF('Data R1'!T5,">0")+COUNTIF('Data R1'!V5,">0")+COUNTIF('Data R1'!X5,">0")) | J3: =IF('Data R1'!C5="","",IF((COUNTIF('Data R1'!K5,">0")+COUNTIF('Data R1'!M5,">0")+COUNTIF('Data R1'!O5,">0")+COUNTIF('Data R1'!Q5,">0")+COUNTIF('Data R1'!S5,">0")+COUNTIF('Data R1'!U5,">0")+COUNTIF('Data R1'!W5,">0")+COUNTIF('Data R1'!Y5,">0"))>0,1,0)) | K3: Tanam Ulang / Program TU | L3: Pak Edi Sigit Sutarta; Pak Iput Pradiko; Buk Nuzul Hijri | M3: Data R
A4: Regional 1 | B4: =IF('Data R1'!C6="","",'Data R1'!B6) | C4: =IF('Data R1'!C6="","",'Data R1'!C6) | D4: =IF('Data R1'!C6="","",'Data R1'!D6) | E4: =IF('Data R1'!C6="","",'Data R1'!E6) | F4: =IF('Data R1'!C6="","",'Data R1'!F6) | G4: =IF('Data R1'!C6="","",'Data R1'!AD6) | H4: =IF('Data R1'!C6="","",'Data R1'!AC6) | I4: =IF('Data R1'!C6="","",COUNTIF('Data R1'!J6,">0")+COUNTIF('Data R1'!L6,">0")+COUNTIF('Data R1'!N6,">0")+COUNTIF('Data R1'!P6,">0")+COUNTIF('Data R1'!R6,">0")+COUNTIF('Data R1'!T6,">0")+COUNTIF('Data R1'!V6,">0")+COUNTIF('Data R1'!X6,">0")) | J4: =IF('Data R1'!C6="","",IF((COUNTIF('Data R1'!K6,">0")+COUNTIF('Data R1'!M6,">0")+COUNTIF('Data R1'!O6,">0")+COUNTIF('Data R1'!Q6,">0")+COUNTIF('Data R1'!S6,">0")+COUNTIF('Data R1'!U6,">0")+COUNTIF('Data R1'!W6,">0")+COUNTIF('Data R1'!Y6,">0"))>0,1,0)) | L4: Pak Edi Sigit Sutarta; Pak Iput Pradiko; Buk Nuzul Hijri | M4: Data R
A5: Regional 1 | B5: =IF('Data R1'!C7="","",'Data R1'!B7) | C5: =IF('Data R1'!C7="","",'Data R1'!C7) | D5: =IF('Data R1'!C7="","",'Data R1'!D7) | E5: =IF('Data R1'!C7="","",'Data R1'!E7) | F5: =IF('Data R1'!C7="","",'Data R1'!F7) | G5: =IF('Data R1'!C7="","",'Data R1'!AD7) | H5: =IF('Data R1'!C7="","",'Data R1'!AC7) | I5: =IF('Data R1'!C7="","",COUNTIF('Data R1'!J7,">0")+COUNTIF('Data R1'!L7,">0")+COUNTIF('Data R1'!N7,">0")+COUNTIF('Data R1'!P7,">0")+COUNTIF('Data R1'!R7,">0")+COUNTIF('Data R1'!T7,">0")+COUNTIF('Data R1'!V7,">0")+COUNTIF('Data R1'!X7,">0")) | J5: =IF('Data R1'!C7="","",IF((COUNTIF('Data R1'!K7,">0")+COUNTIF('Data R1'!M7,">0")+COUNTIF('Data R1'!O7,">0")+COUNTIF('Data R1'!Q7,">0")+COUNTIF('Data R1'!S7,">0")+COUNTIF('Data R1'!U7,">0")+COUNTIF('Data R1'!W7,">0")+COUNTIF('Data R1'!Y7,">0"))>0,1,0)) | K5: Tanam Ulang / Program TU | L5: Pak Edi Sigit Sutarta; Pak Iput Pradiko; Buk Nuzul Hijri; Pak Eko | M5: Data R
A6: Regional 1 | B6: =IF('Data R1'!C8="","",'Data R1'!B8) | C6: =IF('Data R1'!C8="","",'Data R1'!C8) | D6: =IF('Data R1'!C8="","",'Data R1'!D8) | E6: =IF('Data R1'!C8="","",'Data R1'!E8) | F6: =IF('Data R1'!C8="","",'Data R1'!F8) | G6: =IF('Data R1'!C8="","",'Data R1'!AD8) | H6: =IF('Data R1'!C8="","",'Data R1'!AC8) | I6: =IF('Data R1'!C8="","",COUNTIF('Data R1'!J8,">0")+COUNTIF('Data R1'!L8,">0")+COUNTIF('Data R1'!N8,">0")+COUNTIF('Data R1'!P8,">0")+COUNTIF('Data R1'!R8,">0")+COUNTIF('Data R1'!T8,">0")+COUNTIF('Data R1'!V8,">0")+COUNTIF('Data R1'!X8,">0")) | J6: =IF('Data R1'!C8="","",IF((COUNTIF('Data R1'!K8,">0")+COUNTIF('Data R1'!M8,">0")+COUNTIF('Data R1'!O8,">0")+COUNTIF('Data R1'!Q8,">0")+COUNTIF('Data R1'!S8,">0")+COUNTIF('Data R1'!U8,">0")+COUNTIF('Data R1'!W8,">0")+COUNTIF('Data R1'!Y8,">0"))>0,1,0)) | L6: Pak Edi Sigit Sutarta; Pak Iput Pradiko; Buk Nuzul Hijri; Pak Eko | M6: Data R
A7: Regional 1 | B7: =IF('Data R1'!C9="","",'Data R1'!B9) | C7: =IF('Data R1'!C9="","",'Data R1'!C9) | D7: =IF('Data R1'!C9="","",'Data R1'!D9) | E7: =IF('Data R1'!C9="","",'Data R1'!E9) | F7: =IF('Data R1'!C9="","",'Data R1'!F9) | G7: =IF('Data R1'!C9="","",'Data R1'!AD9) | H7: =IF('Data R1'!C9="","",'Data R1'!AC9) | I7: =IF('Data R1'!C9="","",COUNTIF('Data R1'!J9,">0")+COUNTIF('Data R1'!L9,">0")+COUNTIF('Data R1'!N9,">0")+COUNTIF('Data R1'!P9,">0")+COUNTIF('Data R1'!R9,">0")+COUNTIF('Data R1'!T9,">0")+COUNTIF('Data R1'!V9,">0")+COUNTIF('Data R1'!X9,">0")) | J7: =IF('Data R1'!C9="","",IF((COUNTIF('Data R1'!K9,">0")+COUNTIF('Data R1'!M9,">0")+COUNTIF('Data R1'!O9,">0")+COUNTIF('Data R1'!Q9,">0")+COUNTIF('Data R1'!S9,">0")+COUNTIF('Data R1'!U9,">0")+COUNTIF('Data R1'!W9,">0")+COUNTIF('Data R1'!Y9,">0"))>0,1,0)) | L7: Pak Edi Sigit Sutarta; Pak Iput Pradiko; Buk Nuzul Hijri; Pak Eko | M7: Data R
A8: Regional 1 | B8: =IF('Data R1'!C10="","",'Data R1'!B10) | C8: =IF('Data R1'!C10="","",'Data R1'!C10) | D8: =IF('Data R1'!C10="","",'Data R1'!D10) | E8: =IF('Data R1'!C10="","",'Data R1'!E10) | F8: =IF('Data R1'!C10="","",'Data R1'!F10) | G8: =IF('Data R1'!C10="","",'Data R1'!AD10) | H8: =IF('Data R1'!C10="","",'Data R1'!AC10) | I8: =IF('Data R1'!C10="","",COUNTIF('Data R1'!J10,">0")+COUNTIF('Data R1'!L10,">0")+COUNTIF('Data R1'!N10,">0")+COUNTIF('Data R1'!P10,">0")+COUNTIF('Data R1'!R10,">0")+COUNTIF('Data R1'!T10,">0")+COUNTIF('Data R1'!V10,">0")+COUNTIF('Data R1'!X10,">0")) | J8: =IF('Data R1'!C10="","",IF((COUNTIF('Data R1'!K10,">0")+COUNTIF('Data R1'!M10,">0")+COUNTIF('Data R1'!O10,">0")+COUNTIF('Data R1'!Q10,">0")+COUNTIF('Data R1'!S10,">0")+COUNTIF('Data R1'!U10,">0")+COUNTIF('Data R1'!W10,">0")+COUNTIF('Data R1'!Y10,">0"))>0,1,0)) | K8: Produksi / Kultur Teknis | L8: Pak Edi Sigit Sutarta; Pak Iput Pradiko; Buk Nuzul Hijri | M8: Data R
A9: Regional 1 | B9: =IF('Data R1'!C11="","",'Data R1'!B11) | C9: =IF('Data R1'!C11="","",'Data R1'!C11) | D9: =IF('Data R1'!C11="","",'Data R1'!D11) | E9: =IF('Data R1'!C11="","",'Data R1'!E11) | F9: =IF('Data R1'!C11="","",'Data R1'!F11) | G9: =IF('Data R1'!C11="","",'Data R1'!AD11) | H9: =IF('Data R1'!C11="","",'Data R1'!AC11) | I9: =IF('Data R1'!C11="","",COUNTIF('Data R1'!J11,">0")+COUNTIF('Data R1'!L11,">0")+COUNTIF('Data R1'!N11,">0")+COUNTIF('Data R1'!P11,">0")+COUNTIF('Data R1'!R11,">0")+COUNTIF('Data R1'!T11,">0")+COUNTIF('Data R1'!V11,">0")+COUNTIF('Data R1'!X11,">0")) | J9: =IF('Data R1'!C11="","",IF((COUNTIF('Data R1'!K11,">0")+COUNTIF('Data R1'!M11,">0")+COUNTIF('Data R1'!O11,">0")+COUNTIF('Data R1'!Q11,">0")+COUNTIF('Data R1'!S11,">0")+COUNTIF('Data R1'!U11,">0")+COUNTIF('Data R1'!W11,">0")+COUNTIF('Data R1'!Y11,">0"))>0,1,0)) | L9: Pak Edi Sigit Sutarta; Pak Iput Pradiko; Buk Nuzul Hijri | M9: Data R
A10: Regional 1 | B10: =IF('Data R1'!C12="","",'Data R1'!B12) | C10: =IF('Data R1'!C12="","",'Data R1'!C12) | D10: =IF('Data R1'!C12="","",'Data R1'!D12) | E10: =IF('Data R1'!C12="","",'Data R1'!E12) | F10: =IF('Data R1'!C12="","",'Data R1'!F12) | G10: =IF('Data R1'!C12="","",'Data R1'!AD12) | H10: =IF('Data R1'!C12="","",'Data R1'!AC12) | I10: =IF('Data R1'!C12="","",COUNTIF('Data R1'!J12,">0")+COUNTIF('Data R1'!L12,">0")+COUNTIF('Data R1'!N12,">0")+COUNTIF('Data R1'!P12,">0")+COUNTIF('Data R1'!R12,">0")+COUNTIF('Data R1'!T12,">0")+COUNTIF('Data R1'!V12,">0")+COUNTIF('Data R1'!X12,">0")) | J10: =IF('Data R1'!C12="","",IF((COUNTIF('Data R1'!K12,">0")+COUNTIF('Data R1'!M12,">0")+COUNTIF('Data R1'!O12,">0")+COUNTIF('Data R1'!Q12,">0")+COUNTIF('Data R1'!S12,">0")+COUNTIF('Data R1'!U12,">0")+COUNTIF('Data R1'!W12,">0")+COUNTIF('Data R1'!Y12,">0"))>0,1,0)) | K10: Tanam Ulang / Program TU | L10: Pak Edi Sigit Sutarta; Pak Iput Pradiko | M10: Data R
A11: Regional 1 | B11: =IF('Data R1'!C13="","",'Data R1'!B13) | C11: =IF('Data R1'!C13="","",'Data R1'!C13) | D11: =IF('Data R1'!C13="","",'Data R1'!D13) | E11: =IF('Data R1'!C13="","",'Data R1'!E13) | F11: =IF('Data R1'!C13="","",'Data R1'!F13) | G11: =IF('Data R1'!C13="","",'Data R1'!AD13) | H11: =IF('Data R1'!C13="","",'Data R1'!AC13) | I11: =IF('Data R1'!C13="","",COUNTIF('Data R1'!J13,">0")+COUNTIF('Data R1'!L13,">0")+COUNTIF('Data R1'!N13,">0")+COUNTIF('Data R1'!P13,">0")+COUNTIF('Data R1'!R13,">0")+COUNTIF('Data R1'!T13,">0")+COUNTIF('Data R1'!V13,">0")+COUNTIF('Data R1'!X13,">0")) | J11: =IF('Data R1'!C13="","",IF((COUNTIF('Data R1'!K13,">0")+COUNTIF('Data R1'!M13,">0")+COUNTIF('Data R1'!O13,">0")+COUNTIF('Data R1'!Q13,">0")+COUNTIF('Data R1'!S13,">0")+COUNTIF('Data R1'!U13,">0")+COUNTIF('Data R1'!W13,">0")+COUNTIF('Data R1'!Y13,">0"))>0,1,0)) | L11: Pak Edi Sigit Sutarta; Pak Iput Pradiko | M11: Data R
A12: Regional 1 | B12: =IF('Data R1'!C14="","",'Data R1'!B14) | C12: =IF('Data R1'!C14="","",'Data R1'!C14) | D12: =IF('Data R1'!C14="","",'Data R1'!D14) | E12: =IF('Data R1'!C14="","",'Data R1'!E14) | F12: =IF('Data R1'!C14="","",'Data R1'!F14) | G12: =IF('Data R1'!C14="","",'Data R1'!AD14) | H12: =IF('Data R1'!C14="","",'Data R1'!AC14) | I12: =IF('Data R1'!C14="","",COUNTIF('Data R1'!J14,">0")+COUNTIF('Data R1'!L14,">0")+COUNTIF('Data R1'!N14,">0")+COUNTIF('Data R1'!P14,">0")+COUNTIF('Data R1'!R14,">0")+COUNTIF('Data R1'!T14,">0")+COUNTIF('Data R1'!V14,">0")+COUNTIF('Data R1'!X14,">0")) | J12: =IF('Data R1'!C14="","",IF((COUNTIF('Data R1'!K14,">0")+COUNTIF('Data R1'!M14,">0")+COUNTIF('Data R1'!O14,">0")+COUNTIF('Data R1'!Q14,">0")+COUNTIF('Data R1'!S14,">0")+COUNTIF('Data R1'!U14,">0")+COUNTIF('Data R1'!W14,">0")+COUNTIF('Data R1'!Y14,">0"))>0,1,0)) | L12: Pak Edi Sigit Sutarta; Pak Iput Pradiko | M12: Data R
A13: Regional 1 | B13: =IF('Data R1'!C15="","",'Data R1'!B15) | C13: =IF('Data R1'!C15="","",'Data R1'!C15) | D13: =IF('Data R1'!C15="","",'Data R1'!D15) | E13: =IF('Data R1'!C15="","",'Data R1'!E15) | F13: =IF('Data R1'!C15="","",'Data R1'!F15) | G13: =IF('Data R1'!C15="","",'Data R1'!AD15) | H13: =IF('Data R1'!C15="","",'Data R1'!AC15) | I13: =IF('Data R1'!C15="","",COUNTIF('Data R1'!J15,">0")+COUNTIF('Data R1'!L15,">0")+COUNTIF('Data R1'!N15,">0")+COUNTIF('Data R1'!P15,">0")+COUNTIF('Data R1'!R15,">0")+COUNTIF('Data R1'!T15,">0")+COUNTIF('Data R1'!V15,">0")+COUNTIF('Data R1'!X15,">0")) | J13: =IF('Data R1'!C15="","",IF((COUNTIF('Data R1'!K15,">0")+COUNTIF('Data R1'!M15,">0")+COUNTIF('Data R1'!O15,">0")+COUNTIF('Data R1'!Q15,">0")+COUNTIF('Data R1'!S15,">0")+COUNTIF('Data R1'!U15,">0")+COUNTIF('Data R1'!W15,">0")+COUNTIF('Data R1'!Y15,">0"))>0,1,0)) | L13: Pak Edi Sigit Sutarta; Pak Iput Pradiko | M13: Data R
A14: Regional 1 | B14: =IF('Data R1'!C16="","",'Data R1'!B16) | C14: =IF('Data R1'!C16="","",'Data R1'!C16) | D14: =IF('Data R1'!C16="","",'Data R1'!D16) | E14: =IF('Data R1'!C16="","",'Data R1'!E16) | F14: =IF('Data R1'!C16="","",'Data R1'!F16) | G14: =IF('Data R1'!C16="","",'Data R1'!AD16) | H14: =IF('Data R1'!C16="","",'Data R1'!AC16) | I14: =IF('Data R1'!C16="","",COUNTIF('Data R1'!J16,">0")+COUNTIF('Data R1'!L16,">0")+COUNTIF('Data R1'!N16,">0")+COUNTIF('Data R1'!P16,">0")+COUNTIF('Data R1'!R16,">0")+COUNTIF('Data R1'!T16,">0")+COUNTIF('Data R1'!V16,">0")+COUNTIF('Data R1'!X16,">0")) | J14: =IF('Data R1'!C16="","",IF((COUNTIF('Data R1'!K16,">0")+COUNTIF('Data R1'!M16,">0")+COUNTIF('Data R1'!O16,">0")+COUNTIF('Data R1'!Q16,">0")+COUNTIF('Data R1'!S16,">0")+COUNTIF('Data R1'!U16,">0")+COUNTIF('Data R1'!W16,">0")+COUNTIF('Data R1'!Y16,">0"))>0,1,0)) | L14: Pak Edi Sigit Sutarta; Pak Iput Pradiko | M14: Data R
A15: Regional 1 | B15: =IF('Data R1'!C17="","",'Data R1'!B17) | C15: =IF('Data R1'!C17="","",'Data R1'!C17) | D15: =IF('Data R1'!C17="","",'Data R1'!D17) | E15: =IF('Data R1'!C17="","",'Data R1'!E17) | F15: =IF('Data R1'!C17="","",'Data R1'!F17) | G15: =IF('Data R1'!C17="","",'Data R1'!AD17) | H15: =IF('Data R1'!C17="","",'Data R1'!AC17) | I15: =IF('Data R1'!C17="","",COUNTIF('Data R1'!J17,">0")+COUNTIF('Data R1'!L17,">0")+COUNTIF('Data R1'!N17,">0")+COUNTIF('Data R1'!P17,">0")+COUNTIF('Data R1'!R17,">0")+COUNTIF('Data R1'!T17,">0")+COUNTIF('Data R1'!V17,">0")+COUNTIF('Data R1'!X17,">0")) | J15: =IF('Data R1'!C17="","",IF((COUNTIF('Data R1'!K17,">0")+COUNTIF('Data R1'!M17,">0")+COUNTIF('Data R1'!O17,">0")+COUNTIF('Data R1'!Q17,">0")+COUNTIF('Data R1'!S17,">0")+COUNTIF('Data R1'!U17,">0")+COUNTIF('Data R1'!W17,">0")+COUNTIF('Data R1'!Y17,">0"))>0,1,0)) | L15: Pak Edi Sigit Sutarta; Pak Iput Pradiko | M15: Data R
A16: Regional 1 | B16: =IF('Data R1'!C18="","",'Data R1'!B18) | C16: =IF('Data R1'!C18="","",'Data R1'!C18) | D16: =IF('Data R1'!C18="","",'Data R1'!D18) | E16: =IF('Data R1'!C18="","",'Data R1'!E18) | F16: =IF('Data R1'!C18="","",'Data R1'!F18) | G16: =IF('Data R1'!C18="","",'Data R1'!AD18) | H16: =IF('Data R1'!C18="","",'Data R1'!AC18) | I16: =IF('Data R1'!C18="","",COUNTIF('Data R1'!J18,">0")+COUNTIF('Data R1'!L18,">0")+COUNTIF('Data R1'!N18,">0")+COUNTIF('Data R1'!P18,">0")+COUNTIF('Data R1'!R18,">0")+COUNTIF('Data R1'!T18,">0")+COUNTIF('Data R1'!V18,">0")+COUNTIF('Data R1'!X18,">0")) | J16: =IF('Data R1'!C18="","",IF((COUNTIF('Data R1'!K18,">0")+COUNTIF('Data R1'!M18,">0")+COUNTIF('Data R1'!O18,">0")+COUNTIF('Data R1'!Q18,">0")+COUNTIF('Data R1'!S18,">0")+COUNTIF('Data R1'!U18,">0")+COUNTIF('Data R1'!W18,">0")+COUNTIF('Data R1'!Y18,">0"))>0,1,0)) | L16: Pak Edi Sigit Sutarta; Pak Iput Pradiko | M16: Data R
A17: Regional 1 | B17: =IF('Data R1'!C19="","",'Data R1'!B19) | C17: =IF('Data R1'!C19="","",'Data R1'!C19) | D17: =IF('Data R1'!C19="","",'Data R1'!D19) | E17: =IF('Data R1'!C19="","",'Data R1'!E19) | F17: =IF('Data R1'!C19="","",'Data R1'!F19) | G17: =IF('Data R1'!C19="","",'Data R1'!AD19) | H17: =IF('Data R1'!C19="","",'Data R1'!AC19) | I17: =IF('Data R1'!C19="","",COUNTIF('Data R1'!J19,">0")+COUNTIF('Data R1'!L19,">0")+COUNTIF('Data R1'!N19,">0")+COUNTIF('Data R1'!P19,">0")+COUNTIF('Data R1'!R19,">0")+COUNTIF('Data R1'!T19,">0")+COUNTIF('Data R1'!V19,">0")+COUNTIF('Data R1'!X19,">0")) | J17: =IF('Data R1'!C19="","",IF((COUNTIF('Data R1'!K19,">0")+COUNTIF('Data R1'!M19,">0")+COUNTIF('Data R1'!O19,">0")+COUNTIF('Data R1'!Q19,">0")+COUNTIF('Data R1'!S19,">0")+COUNTIF('Data R1'!U19,">0")+COUNTIF('Data R1'!W19,">0")+COUNTIF('Data R1'!Y19,">0"))>0,1,0)) | M17: Data R
A18: Regional 1 | B18: =IF('Data R1'!C20="","",'Data R1'!B20) | C18: =IF('Data R1'!C20="","",'Data R1'!C20) | D18: =IF('Data R1'!C20="","",'Data R1'!D20) | E18: =IF('Data R1'!C20="","",'Data R1'!E20) | F18: =IF('Data R1'!C20="","",'Data R1'!F20) | G18: =IF('Data R1'!C20="","",'Data R1'!AD20) | H18: =IF('Data R1'!C20="","",'Data R1'!AC20) | I18: =IF('Data R1'!C20="","",COUNTIF('Data R1'!J20,">0")+COUNTIF('Data R1'!L20,">0")+COUNTIF('Data R1'!N20,">0")+COUNTIF('Data R1'!P20,">0")+COUNTIF('Data R1'!R20,">0")+COUNTIF('Data R1'!T20,">0")+COUNTIF('Data R1'!V20,">0")+COUNTIF('Data R1'!X20,">0")) | J18: =IF('Data R1'!C20="","",IF((COUNTIF('Data R1'!K20,">0")+COUNTIF('Data R1'!M20,">0")+COUNTIF('Data R1'!O20,">0")+COUNTIF('Data R1'!Q20,">0")+COUNTIF('Data R1'!S20,">0")+COUNTIF('Data R1'!U20,">0")+COUNTIF('Data R1'!W20,">0")+COUNTIF('Data R1'!Y20,">0"))>0,1,0)) | K18: Evaluasi/Kajian/Pemeriksaan | L18: Pak Edi Sigit Sutarta | M18: Data R
A19: Regional 1 | B19: =IF('Data R1'!C21="","",'Data R1'!B21) | C19: =IF('Data R1'!C21="","",'Data R1'!C21) | D19: =IF('Data R1'!C21="","",'Data R1'!D21) | E19: =IF('Data R1'!C21="","",'Data R1'!E21) | F19: =IF('Data R1'!C21="","",'Data R1'!F21) | G19: =IF('Data R1'!C21="","",'Data R1'!AD21) | H19: =IF('Data R1'!C21="","",'Data R1'!AC21) | I19: =IF('Data R1'!C21="","",COUNTIF('Data R1'!J21,">0")+COUNTIF('Data R1'!L21,">0")+COUNTIF('Data R1'!N21,">0")+COUNTIF('Data R1'!P21,">0")+COUNTIF('Data R1'!R21,">0")+COUNTIF('Data R1'!T21,">0")+COUNTIF('Data R1'!V21,">0")+COUNTIF('Data R1'!X21,">0")) | J19: =IF('Data R1'!C21="","",IF((COUNTIF('Data R1'!K21,">0")+COUNTIF('Data R1'!M21,">0")+COUNTIF('Data R1'!O21,">0")+COUNTIF('Data R1'!Q21,">0")+COUNTIF('Data R1'!S21,">0")+COUNTIF('Data R1'!U21,">0")+COUNTIF('Data R1'!W21,">0")+COUNTIF('Data R1'!Y21,">0"))>0,1,0)) | L19: Pak Edi Sigit Sutarta | M19: Data R
A20: Regional 1 | B20: =IF('Data R1'!C22="","",'Data R1'!B22) | C20: =IF('Data R1'!C22="","",'Data R1'!C22) | D20: =IF('Data R1'!C22="","",'Data R1'!D22) | E20: =IF('Data R1'!C22="","",'Data R1'!E22) | F20: =IF('Data R1'!C22="","",'Data R1'!F22) | G20: =IF('Data R1'!C22="","",'Data R1'!AD22) | H20: =IF('Data R1'!C22="","",'Data R1'!AC22) | I20: =IF('Data R1'!C22="","",COUNTIF('Data R1'!J22,">0")+COUNTIF('Data R1'!L22,">0")+COUNTIF('Data R1'!N22,">0")+COUNTIF('Data R1'!P22,">0")+COUNTIF('Data R1'!R22,">0")+COUNTIF('Data R1'!T22,">0")+COUNTIF('Data R1'!V22,">0")+COUNTIF('Data R1'!X22,">0")) | J20: =IF('Data R1'!C22="","",IF((COUNTIF('Data R1'!K22,">0")+COUNTIF('Data R1'!M22,">0")+COUNTIF('Data R1'!O22,">0")+COUNTIF('Data R1'!Q22,">0")+COUNTIF('Data R1'!S22,">0")+COUNTIF('Data R1'!U22,">0")+COUNTIF('Data R1'!W22,">0")+COUNTIF('Data R1'!Y22,">0"))>0,1,0)) | L20: Pak Edi Sigit Sutarta | M20: Data R
A21: Regional 1 | B21: =IF('Data R1'!C23="","",'Data R1'!B23) | C21: =IF('Data R1'!C23="","",'Data R1'!C23) | D21: =IF('Data R1'!C23="","",'Data R1'!D23) | E21: =IF('Data R1'!C23="","",'Data R1'!E23) | F21: =IF('Data R1'!C23="","",'Data R1'!F23) | G21: =IF('Data R1'!C23="","",'Data R1'!AD23) | H21: =IF('Data R1'!C23="","",'Data R1'!AC23) | I21: =IF('Data R1'!C23="","",COUNTIF('Data R1'!J23,">0")+COUNTIF('Data R1'!L23,">0")+COUNTIF('Data R1'!N23,">0")+COUNTIF('Data R1'!P23,">0")+COUNTIF('Data R1'!R23,">0")+COUNTIF('Data R1'!T23,">0")+COUNTIF('Data R1'!V23,">0")+COUNTIF('Data R1'!X23,">0")) | J21: =IF('Data R1'!C23="","",IF((COUNTIF('Data R1'!K23,">0")+COUNTIF('Data R1'!M23,">0")+COUNTIF('Data R1'!O23,">0")+COUNTIF('Data R1'!Q23,">0")+COUNTIF('Data R1'!S23,">0")+COUNTIF('Data R1'!U23,">0")+COUNTIF('Data R1'!W23,">0")+COUNTIF('Data R1'!Y23,">0"))>0,1,0)) | K21: Produksi / Kultur Teknis | M21: Data R
A22: Regional 1 | B22: =IF('Data R1'!C24="","",'Data R1'!B24) | C22: =IF('Data R1'!C24="","",'Data R1'!C24) | D22: =IF('Data R1'!C24="","",'Data R1'!D24) | E22: =IF('Data R1'!C24="","",'Data R1'!E24) | F22: =IF('Data R1'!C24="","",'Data R1'!F24) | G22: =IF('Data R1'!C24="","",'Data R1'!AD24) | H22: =IF('Data R1'!C24="","",'Data R1'!AC24) | I22: =IF('Data R1'!C24="","",COUNTIF('Data R1'!J24,">0")+COUNTIF('Data R1'!L24,">0")+COUNTIF('Data R1'!N24,">0")+COUNTIF('Data R1'!P24,">0")+COUNTIF('Data R1'!R24,">0")+COUNTIF('Data R1'!T24,">0")+COUNTIF('Data R1'!V24,">0")+COUNTIF('Data R1'!X24,">0")) | J22: =IF('Data R1'!C24="","",IF((COUNTIF('Data R1'!K24,">0")+COUNTIF('Data R1'!M24,">0")+COUNTIF('Data R1'!O24,">0")+COUNTIF('Data R1'!Q24,">0")+COUNTIF('Data R1'!S24,">0")+COUNTIF('Data R1'!U24,">0")+COUNTIF('Data R1'!W24,">0")+COUNTIF('Data R1'!Y24,">0"))>0,1,0)) | K22: Areal Non Produktif / Puso | L22: Pak Edi Sigit Sutarta; Pak Iput Pradiko | M22: Data R
A23: Regional 1 | B23: =IF('Data R1'!C25="","",'Data R1'!B25) | C23: =IF('Data R1'!C25="","",'Data R1'!C25) | D23: =IF('Data R1'!C25="","",'Data R1'!D25) | E23: =IF('Data R1'!C25="","",'Data R1'!E25) | F23: =IF('Data R1'!C25="","",'Data R1'!F25) | G23: =IF('Data R1'!C25="","",'Data R1'!AD25) | H23: =IF('Data R1'!C25="","",'Data R1'!AC25) | I23: =IF('Data R1'!C25="","",COUNTIF('Data R1'!J25,">0")+COUNTIF('Data R1'!L25,">0")+COUNTIF('Data R1'!N25,">0")+COUNTIF('Data R1'!P25,">0")+COUNTIF('Data R1'!R25,">0")+COUNTIF('Data R1'!T25,">0")+COUNTIF('Data R1'!V25,">0")+COUNTIF('Data R1'!X25,">0")) | J23: =IF('Data R1'!C25="","",IF((COUNTIF('Data R1'!K25,">0")+COUNTIF('Data R1'!M25,">0")+COUNTIF('Data R1'!O25,">0")+COUNTIF('Data R1'!Q25,">0")+COUNTIF('Data R1'!S25,">0")+COUNTIF('Data R1'!U25,">0")+COUNTIF('Data R1'!W25,">0")+COUNTIF('Data R1'!Y25,">0"))>0,1,0)) | K23: Areal Non Produktif / Puso | L23: Pak Edi Sigit Sutarta; Pak Iput Pradiko; Buk Nuzul Hijri | M23: Data R
A24: Regional 1 | B24: =IF('Data R1'!C26="","",'Data R1'!B26) | C24: =IF('Data R1'!C26="","",'Data R1'!C26) | D24: =IF('Data R1'!C26="","",'Data R1'!D26) | E24: =IF('Data R1'!C26="","",'Data R1'!E26) | F24: =IF('Data R1'!C26="","",'Data R1'!F26) | G24: =IF('Data R1'!C26="","",'Data R1'!AD26) | H24: =IF('Data R1'!C26="","",'Data R1'!AC26) | I24: =IF('Data R1'!C26="","",COUNTIF('Data R1'!J26,">0")+COUNTIF('Data R1'!L26,">0")+COUNTIF('Data R1'!N26,">0")+COUNTIF('Data R1'!P26,">0")+COUNTIF('Data R1'!R26,">0")+COUNTIF('Data R1'!T26,">0")+COUNTIF('Data R1'!V26,">0")+COUNTIF('Data R1'!X26,">0")) | J24: =IF('Data R1'!C26="","",IF((COUNTIF('Data R1'!K26,">0")+COUNTIF('Data R1'!M26,">0")+COUNTIF('Data R1'!O26,">0")+COUNTIF('Data R1'!Q26,">0")+COUNTIF('Data R1'!S26,">0")+COUNTIF('Data R1'!U26,">0")+COUNTIF('Data R1'!W26,">0")+COUNTIF('Data R1'!Y26,">0"))>0,1,0)) | L24: Pak Edi Sigit Sutarta; Pak Iput Pradiko; Buk Nuzul Hijri | M24: Data R
A25: Regional 1 | B25: =IF('Data R1'!C27="","",'Data R1'!B27) | C25: =IF('Data R1'!C27="","",'Data R1'!C27) | D25: =IF('Data R1'!C27="","",'Data R1'!D27) | E25: =IF('Data R1'!C27="","",'Data R1'!E27) | F25: =IF('Data R1'!C27="","",'Data R1'!F27) | G25: =IF('Data R1'!C27="","",'Data R1'!AD27) | H25: =IF('Data R1'!C27="","",'Data R1'!AC27) | I25: =IF('Data R1'!C27="","",COUNTIF('Data R1'!J27,">0")+COUNTIF('Data R1'!L27,">0")+COUNTIF('Data R1'!N27,">0")+COUNTIF('Data R1'!P27,">0")+COUNTIF('Data R1'!R27,">0")+COUNTIF('Data R1'!T27,">0")+COUNTIF('Data R1'!V27,">0")+COUNTIF('Data R1'!X27,">0")) | J25: =IF('Data R1'!C27="","",IF((COUNTIF('Data R1'!K27,">0")+COUNTIF('Data R1'!M27,">0")+COUNTIF('Data R1'!O27,">0")+COUNTIF('Data R1'!Q27,">0")+COUNTIF('Data R1'!S27,">0")+COUNTIF('Data R1'!U27,">0")+COUNTIF('Data R1'!W27,">0")+COUNTIF('Data R1'!Y27,">0"))>0,1,0)) | L25: Pak Edi Sigit Sutarta; Pak Iput Pradiko; Buk Nuzul Hijri | M25: Data R
A26: Regional 1 | B26: =IF('Data R1'!C28="","",'Data R1'!B28) | C26: =IF('Data R1'!C28="","",'Data R1'!C28) | D26: =IF('Data R1'!C28="","",'Data R1'!D28) | E26: =IF('Data R1'!C28="","",'Data R1'!E28) | F26: =IF('Data R1'!C28="","",'Data R1'!F28) | G26: =IF('Data R1'!C28="","",'Data R1'!AD28) | H26: =IF('Data R1'!C28="","",'Data R1'!AC28) | I26: =IF('Data R1'!C28="","",COUNTIF('Data R1'!J28,">0")+COUNTIF('Data R1'!L28,">0")+COUNTIF('Data R1'!N28,">0")+COUNTIF('Data R1'!P28,">0")+COUNTIF('Data R1'!R28,">0")+COUNTIF('Data R1'!T28,">0")+COUNTIF('Data R1'!V28,">0")+COUNTIF('Data R1'!X28,">0")) | J26: =IF('Data R1'!C28="","",IF((COUNTIF('Data R1'!K28,">0")+COUNTIF('Data R1'!M28,">0")+COUNTIF('Data R1'!O28,">0")+COUNTIF('Data R1'!Q28,">0")+COUNTIF('Data R1'!S28,">0")+COUNTIF('Data R1'!U28,">0")+COUNTIF('Data R1'!W28,">0")+COUNTIF('Data R1'!Y28,">0"))>0,1,0)) | K26: Tanam Ulang / Program TU | L26: Pak Edi Sigit Sutarta; Pak Iput Pradiko | M26: Data R
A27: Regional 1 | B27: =IF('Data R1'!C29="","",'Data R1'!B29) | C27: =IF('Data R1'!C29="","",'Data R1'!C29) | D27: =IF('Data R1'!C29="","",'Data R1'!D29) | E27: =IF('Data R1'!C29="","",'Data R1'!E29) | F27: =IF('Data R1'!C29="","",'Data R1'!F29) | G27: =IF('Data R1'!C29="","",'Data R1'!AD29) | H27: =IF('Data R1'!C29="","",'Data R1'!AC29) | I27: =IF('Data R1'!C29="","",COUNTIF('Data R1'!J29,">0")+COUNTIF('Data R1'!L29,">0")+COUNTIF('Data R1'!N29,">0")+COUNTIF('Data R1'!P29,">0")+COUNTIF('Data R1'!R29,">0")+COUNTIF('Data R1'!T29,">0")+COUNTIF('Data R1'!V29,">0")+COUNTIF('Data R1'!X29,">0")) | J27: =IF('Data R1'!C29="","",IF((COUNTIF('Data R1'!K29,">0")+COUNTIF('Data R1'!M29,">0")+COUNTIF('Data R1'!O29,">0")+COUNTIF('Data R1'!Q29,">0")+COUNTIF('Data R1'!S29,">0")+COUNTIF('Data R1'!U29,">0")+COUNTIF('Data R1'!W29,">0")+COUNTIF('Data R1'!Y29,">0"))>0,1,0)) | L27: Pak Edi Sigit Sutarta; Pak Iput Pradiko | M27: Data R
A28: Regional 1 | B28: =IF('Data R1'!C30="","",'Data R1'!B30) | C28: =IF('Data R1'!C30="","",'Data R1'!C30) | D28: =IF('Data R1'!C30="","",'Data R1'!D30) | E28: =IF('Data R1'!C30="","",'Data R1'!E30) | F28: =IF('Data R1'!C30="","",'Data R1'!F30) | G28: =IF('Data R1'!C30="","",'Data R1'!AD30) | H28: =IF('Data R1'!C30="","",'Data R1'!AC30) | I28: =IF('Data R1'!C30="","",COUNTIF('Data R1'!J30,">0")+COUNTIF('Data R1'!L30,">0")+COUNTIF('Data R1'!N30,">0")+COUNTIF('Data R1'!P30,">0")+COUNTIF('Data R1'!R30,">0")+COUNTIF('Data R1'!T30,">0")+COUNTIF('Data R1'!V30,">0")+COUNTIF('Data R1'!X30,">0")) | J28: =IF('Data R1'!C30="","",IF((COUNTIF('Data R1'!K30,">0")+COUNTIF('Data R1'!M30,">0")+COUNTIF('Data R1'!O30,">0")+COUNTIF('Data R1'!Q30,">0")+COUNTIF('Data R1'!S30,">0")+COUNTIF('Data R1'!U30,">0")+COUNTIF('Data R1'!W30,">0")+COUNTIF('Data R1'!Y30,">0"))>0,1,0)) | L28: Pak Edi Sigit Sutarta; Pak Iput Pradiko | M28: Data R
A29: Regional 1 | B29: =IF('Data R1'!C31="","",'Data R1'!B31) | C29: =IF('Data R1'!C31="","",'Data R1'!C31) | D29: =IF('Data R1'!C31="","",'Data R1'!D31) | E29: =IF('Data R1'!C31="","",'Data R1'!E31) | F29: =IF('Data R1'!C31="","",'Data R1'!F31) | G29: =IF('Data R1'!C31="","",'Data R1'!AD31) | H29: =IF('Data R1'!C31="","",'Data R1'!AC31) | I29: =IF('Data R1'!C31="","",COUNTIF('Data R1'!J31,">0")+COUNTIF('Data R1'!L31,">0")+COUNTIF('Data R1'!N31,">0")+COUNTIF('Data R1'!P31,">0")+COUNTIF('Data R1'!R31,">0")+COUNTIF('Data R1'!T31,">0")+COUNTIF('Data R1'!V31,">0")+COUNTIF('Data R1'!X31,">0")) | J29: =IF('Data R1'!C31="","",IF((COUNTIF('Data R1'!K31,">0")+COUNTIF('Data R1'!M31,">0")+COUNTIF('Data R1'!O31,">0")+COUNTIF('Data R1'!Q31,">0")+COUNTIF('Data R1'!S31,">0")+COUNTIF('Data R1'!U31,">0")+COUNTIF('Data R1'!W31,">0")+COUNTIF('Data R1'!Y31,">0"))>0,1,0)) | L29: Pak Edi Sigit Sutarta; Pak Iput Pradiko | M29: Data R
A30: Regional 1 | B30: =IF('Data R1'!C32="","",'Data R1'!B32) | C30: =IF('Data R1'!C32="","",'Data R1'!C32) | D30: =IF('Data R1'!C32="","",'Data R1'!D32) | E30: =IF('Data R1'!C32="","",'Data R1'!E32) | F30: =IF('Data R1'!C32="","",'Data R1'!F32) | G30: =IF('Data R1'!C32="","",'Data R1'!AD32) | H30: =IF('Data R1'!C32="","",'Data R1'!AC32) | I30: =IF('Data R1'!C32="","",COUNTIF('Data R1'!J32,">0")+COUNTIF('Data R1'!L32,">0")+COUNTIF('Data R1'!N32,">0")+COUNTIF('Data R1'!P32,">0")+COUNTIF('Data R1'!R32,">0")+COUNTIF('Data R1'!T32,">0")+COUNTIF('Data R1'!V32,">0")+COUNTIF('Data R1'!X32,">0")) | J30: =IF('Data R1'!C32="","",IF((COUNTIF('Data R1'!K32,">0")+COUNTIF('Data R1'!M32,">0")+COUNTIF('Data R1'!O32,">0")+COUNTIF('Data R1'!Q32,">0")+COUNTIF('Data R1'!S32,">0")+COUNTIF('Data R1'!U32,">0")+COUNTIF('Data R1'!W32,">0")+COUNTIF('Data R1'!Y32,">0"))>0,1,0)) | L30: Pak Edi Sigit Sutarta; Pak Iput Pradiko | M30: Data R
A31: Regional 1 | B31: =IF('Data R1'!C33="","",'Data R1'!B33) | C31: =IF('Data R1'!C33="","",'Data R1'!C33) | D31: =IF('Data R1'!C33="","",'Data R1'!D33) | E31: =IF('Data R1'!C33="","",'Data R1'!E33) | F31: =IF('Data R1'!C33="","",'Data R1'!F33) | G31: =IF('Data R1'!C33="","",'Data R1'!AD33) | H31: =IF('Data R1'!C33="","",'Data R1'!AC33) | I31: =IF('Data R1'!C33="","",COUNTIF('Data R1'!J33,">0")+COUNTIF('Data R1'!L33,">0")+COUNTIF('Data R1'!N33,">0")+COUNTIF('Data R1'!P33,">0")+COUNTIF('Data R1'!R33,">0")+COUNTIF('Data R1'!T33,">0")+COUNTIF('Data R1'!V33,">0")+COUNTIF('Data R1'!X33,">0")) | J31: =IF('Data R1'!C33="","",IF((COUNTIF('Data R1'!K33,">0")+COUNTIF('Data R1'!M33,">0")+COUNTIF('Data R1'!O33,">0")+COUNTIF('Data R1'!Q33,">0")+COUNTIF('Data R1'!S33,">0")+COUNTIF('Data R1'!U33,">0")+COUNTIF('Data R1'!W33,">0")+COUNTIF('Data R1'!Y33,">0"))>0,1,0)) | L31: Pak Edi Sigit Sutarta; Pak Iput Pradiko | M31: Data R
A32: Regional 1 | B32: =IF('Data R1'!C34="","",'Data R1'!B34) | C32: =IF('Data R1'!C34="","",'Data R1'!C34) | D32: =IF('Data R1'!C34="","",'Data R1'!D34) | E32: =IF('Data R1'!C34="","",'Data R1'!E34) | F32: =IF('Data R1'!C34="","",'Data R1'!F34) | G32: =IF('Data R1'!C34="","",'Data R1'!AD34) | H32: =IF('Data R1'!C34="","",'Data R1'!AC34) | I32: =IF('Data R1'!C34="","",COUNTIF('Data R1'!J34,">0")+COUNTIF('Data R1'!L34,">0")+COUNTIF('Data R1'!N34,">0")+COUNTIF('Data R1'!P34,">0")+COUNTIF('Data R1'!R34,">0")+COUNTIF('Data R1'!T34,">0")+COUNTIF('Data R1'!V34,">0")+COUNTIF('Data R1'!X34,">0")) | J32: =IF('Data R1'!C34="","",IF((COUNTIF('Data R1'!K34,">0")+COUNTIF('Data R1'!M34,">0")+COUNTIF('Data R1'!O34,">0")+COUNTIF('Data R1'!Q34,">0")+COUNTIF('Data R1'!S34,">0")+COUNTIF('Data R1'!U34,">0")+COUNTIF('Data R1'!W34,">0")+COUNTIF('Data R1'!Y34,">0"))>0,1,0)) | K32: Evaluasi/Kajian/Pemeriksaan | M32: Data R
A33: Regional 1 | B33: =IF('Data R1'!C35="","",'Data R1'!B35) | C33: =IF('Data R1'!C35="","",'Data R1'!C35) | D33: =IF('Data R1'!C35="","",'Data R1'!D35) | E33: =IF('Data R1'!C35="","",'Data R1'!E35) | F33: =IF('Data R1'!C35="","",'Data R1'!F35) | G33: =IF('Data R1'!C35="","",'Data R1'!AD35) | H33: =IF('Data R1'!C35="","",'Data R1'!AC35) | I33: =IF('Data R1'!C35="","",COUNTIF('Data R1'!J35,">0")+COUNTIF('Data R1'!L35,">0")+COUNTIF('Data R1'!N35,">0")+COUNTIF('Data R1'!P35,">0")+COUNTIF('Data R1'!R35,">0")+COUNTIF('Data R1'!T35,">0")+COUNTIF('Data R1'!V35,">0")+COUNTIF('Data R1'!X35,">0")) | J33: =IF('Data R1'!C35="","",IF((COUNTIF('Data R1'!K35,">0")+COUNTIF('Data R1'!M35,">0")+COUNTIF('Data R1'!O35,">0")+COUNTIF('Data R1'!Q35,">0")+COUNTIF('Data R1'!S35,">0")+COUNTIF('Data R1'!U35,">0")+COUNTIF('Data R1'!W35,">0")+COUNTIF('Data R1'!Y35,">0"))>0,1,0)) | K33: Produksi / Kultur Teknis | M33: Data R
A34: Regional 1 | B34: =IF('Data R1'!C36="","",'Data R1'!B36) | C34: =IF('Data R1'!C36="","",'Data R1'!C36) | D34: =IF('Data R1'!C36="","",'Data R1'!D36) | E34: =IF('Data R1'!C36="","",'Data R1'!E36) | F34: =IF('Data R1'!C36="","",'Data R1'!F36) | G34: =IF('Data R1'!C36="","",'Data R1'!AD36) | H34: =IF('Data R1'!C36="","",'Data R1'!AC36) | I34: =IF('Data R1'!C36="","",COUNTIF('Data R1'!J36,">0")+COUNTIF('Data R1'!L36,">0")+COUNTIF('Data R1'!N36,">0")+COUNTIF('Data R1'!P36,">0")+COUNTIF('Data R1'!R36,">0")+COUNTIF('Data R1'!T36,">0")+COUNTIF('Data R1'!V36,">0")+COUNTIF('Data R1'!X36,">0")) | J34: =IF('Data R1'!C36="","",IF((COUNTIF('Data R1'!K36,">0")+COUNTIF('Data R1'!M36,">0")+COUNTIF('Data R1'!O36,">0")+COUNTIF('Data R1'!Q36,">0")+COUNTIF('Data R1'!S36,">0")+COUNTIF('Data R1'!U36,">0")+COUNTIF('Data R1'!W36,">0")+COUNTIF('Data R1'!Y36,">0"))>0,1,0)) | M34: Data R
A35: Regional 1 | B35: =IF('Data R1'!C37="","",'Data R1'!B37) | C35: =IF('Data R1'!C37="","",'Data R1'!C37) | D35: =IF('Data R1'!C37="","",'Data R1'!D37) | E35: =IF('Data R1'!C37="","",'Data R1'!E37) | F35: =IF('Data R1'!C37="","",'Data R1'!F37) | G35: =IF('Data R1'!C37="","",'Data R1'!AD37) | H35: =IF('Data R1'!C37="","",'Data R1'!AC37) | I35: =IF('Data R1'!C37="","",COUNTIF('Data R1'!J37,">0")+COUNTIF('Data R1'!L37,">0")+COUNTIF('Data R1'!N37,">0")+COUNTIF('Data R1'!P37,">0")+COUNTIF('Data R1'!R37,">0")+COUNTIF('Data R1'!T37,">0")+COUNTIF('Data R1'!V37,">0")+COUNTIF('Data R1'!X37,">0")) | J35: =IF('Data R1'!C37="","",IF((COUNTIF('Data R1'!K37,">0")+COUNTIF('Data R1'!M37,">0")+COUNTIF('Data R1'!O37,">0")+COUNTIF('Data R1'!Q37,">0")+COUNTIF('Data R1'!S37,">0")+COUNTIF('Data R1'!U37,">0")+COUNTIF('Data R1'!W37,">0")+COUNTIF('Data R1'!Y37,">0"))>0,1,0)) | M35: Data R
A36: Regional 1 | B36: =IF('Data R1'!C38="","",'Data R1'!B38) | C36: =IF('Data R1'!C38="","",'Data R1'!C38) | D36: =IF('Data R1'!C38="","",'Data R1'!D38) | E36: =IF('Data R1'!C38="","",'Data R1'!E38) | F36: =IF('Data R1'!C38="","",'Data R1'!F38) | G36: =IF('Data R1'!C38="","",'Data R1'!AD38) | H36: =IF('Data R1'!C38="","",'Data R1'!AC38) | I36: =IF('Data R1'!C38="","",COUNTIF('Data R1'!J38,">0")+COUNTIF('Data R1'!L38,">0")+COUNTIF('Data R1'!N38,">0")+COUNTIF('Data R1'!P38,">0")+COUNTIF('Data R1'!R38,">0")+COUNTIF('Data R1'!T38,">0")+COUNTIF('Data R1'!V38,">0")+COUNTIF('Data R1'!X38,">0")) | J36: =IF('Data R1'!C38="","",IF((COUNTIF('Data R1'!K38,">0")+COUNTIF('Data R1'!M38,">0")+COUNTIF('Data R1'!O38,">0")+COUNTIF('Data R1'!Q38,">0")+COUNTIF('Data R1'!S38,">0")+COUNTIF('Data R1'!U38,">0")+COUNTIF('Data R1'!W38,">0")+COUNTIF('Data R1'!Y38,">0"))>0,1,0)) | M36: Data R
A37: Regional 1 | B37: =IF('Data R1'!C39="","",'Data R1'!B39) | C37: =IF('Data R1'!C39="","",'Data R1'!C39) | D37: =IF('Data R1'!C39="","",'Data R1'!D39) | E37: =IF('Data R1'!C39="","",'Data R1'!E39) | F37: =IF('Data R1'!C39="","",'Data R1'!F39) | G37: =IF('Data R1'!C39="","",'Data R1'!AD39) | H37: =IF('Data R1'!C39="","",'Data R1'!AC39) | I37: =IF('Data R1'!C39="","",COUNTIF('Data R1'!J39,">0")+COUNTIF('Data R1'!L39,">0")+COUNTIF('Data R1'!N39,">0")+COUNTIF('Data R1'!P39,">0")+COUNTIF('Data R1'!R39,">0")+COUNTIF('Data R1'!T39,">0")+COUNTIF('Data R1'!V39,">0")+COUNTIF('Data R1'!X39,">0")) | J37: =IF('Data R1'!C39="","",IF((COUNTIF('Data R1'!K39,">0")+COUNTIF('Data R1'!M39,">0")+COUNTIF('Data R1'!O39,">0")+COUNTIF('Data R1'!Q39,">0")+COUNTIF('Data R1'!S39,">0")+COUNTIF('Data R1'!U39,">0")+COUNTIF('Data R1'!W39,">0")+COUNTIF('Data R1'!Y39,">0"))>0,1,0)) | M37: Data R
A38: Regional 1 | B38: =IF('Data R1'!C40="","",'Data R1'!B40) | C38: =IF('Data R1'!C40="","",'Data R1'!C40) | D38: =IF('Data R1'!C40="","",'Data R1'!D40) | E38: =IF('Data R1'!C40="","",'Data R1'!E40) | F38: =IF('Data R1'!C40="","",'Data R1'!F40) | G38: =IF('Data R1'!C40="","",'Data R1'!AD40) | H38: =IF('Data R1'!C40="","",'Data R1'!AC40) | I38: =IF('Data R1'!C40="","",COUNTIF('Data R1'!J40,">0")+COUNTIF('Data R1'!L40,">0")+COUNTIF('Data R1'!N40,">0")+COUNTIF('Data R1'!P40,">0")+COUNTIF('Data R1'!R40,">0")+COUNTIF('Data R1'!T40,">0")+COUNTIF('Data R1'!V40,">0")+COUNTIF('Data R1'!X40,">0")) | J38: =IF('Data R1'!C40="","",IF((COUNTIF('Data R1'!K40,">0")+COUNTIF('Data R1'!M40,">0")+COUNTIF('Data R1'!O40,">0")+COUNTIF('Data R1'!Q40,">0")+COUNTIF('Data R1'!S40,">0")+COUNTIF('Data R1'!U40,">0")+COUNTIF('Data R1'!W40,">0")+COUNTIF('Data R1'!Y40,">0"))>0,1,0)) | M38: Data R
A39: Regional 1 | B39: =IF('Data R1'!C41="","",'Data R1'!B41) | C39: =IF('Data R1'!C41="","",'Data R1'!C41) | D39: =IF('Data R1'!C41="","",'Data R1'!D41) | E39: =IF('Data R1'!C41="","",'Data R1'!E41) | F39: =IF('Data R1'!C41="","",'Data R1'!F41) | G39: =IF('Data R1'!C41="","",'Data R1'!AD41) | H39: =IF('Data R1'!C41="","",'Data R1'!AC41) | I39: =IF('Data R1'!C41="","",COUNTIF('Data R1'!J41,">0")+COUNTIF('Data R1'!L41,">0")+COUNTIF('Data R1'!N41,">0")+COUNTIF('Data R1'!P41,">0")+COUNTIF('Data R1'!R41,">0")+COUNTIF('Data R1'!T41,">0")+COUNTIF('Data R1'!V41,">0")+COUNTIF('Data R1'!X41,">0")) | J39: =IF('Data R1'!C41="","",IF((COUNTIF('Data R1'!K41,">0")+COUNTIF('Data R1'!M41,">0")+COUNTIF('Data R1'!O41,">0")+COUNTIF('Data R1'!Q41,">0")+COUNTIF('Data R1'!S41,">0")+COUNTIF('Data R1'!U41,">0")+COUNTIF('Data R1'!W41,">0")+COUNTIF('Data R1'!Y41,">0"))>0,1,0)) | M39: Data R
A40: Regional 1 | B40: =IF('Data R1'!C42="","",'Data R1'!B42) | C40: =IF('Data R1'!C42="","",'Data R1'!C42) | D40: =IF('Data R1'!C42="","",'Data R1'!D42) | E40: =IF('Data R1'!C42="","",'Data R1'!E42) | F40: =IF('Data R1'!C42="","",'Data R1'!F42) | G40: =IF('Data R1'!C42="","",'Data R1'!AD42) | H40: =IF('Data R1'!C42="","",'Data R1'!AC42) | I40: =IF('Data R1'!C42="","",COUNTIF('Data R1'!J42,">0")+COUNTIF('Data R1'!L42,">0")+COUNTIF('Data R1'!N42,">0")+COUNTIF('Data R1'!P42,">0")+COUNTIF('Data R1'!R42,">0")+COUNTIF('Data R1'!T42,">0")+COUNTIF('Data R1'!V42,">0")+COUNTIF('Data R1'!X42,">0")) | J40: =IF('Data R1'!C42="","",IF((COUNTIF('Data R1'!K42,">0")+COUNTIF('Data R1'!M42,">0")+COUNTIF('Data R1'!O42,">0")+COUNTIF('Data R1'!Q42,">0")+COUNTIF('Data R1'!S42,">0")+COUNTIF('Data R1'!U42,">0")+COUNTIF('Data R1'!W42,">0")+COUNTIF('Data R1'!Y42,">0"))>0,1,0)) | M40: Data R
A41: Regional 1 | B41: =IF('Data R1'!C43="","",'Data R1'!B43) | C41: =IF('Data R1'!C43="","",'Data R1'!C43) | D41: =IF('Data R1'!C43="","",'Data R1'!D43) | E41: =IF('Data R1'!C43="","",'Data R1'!E43) | F41: =IF('Data R1'!C43="","",'Data R1'!F43) | G41: =IF('Data R1'!C43="","",'Data R1'!AD43) | H41: =IF('Data R1'!C43="","",'Data R1'!AC43) | I41: =IF('Data R1'!C43="","",COUNTIF('Data R1'!J43,">0")+COUNTIF('Data R1'!L43,">0")+COUNTIF('Data R1'!N43,">0")+COUNTIF('Data R1'!P43,">0")+COUNTIF('Data R1'!R43,">0")+COUNTIF('Data R1'!T43,">0")+COUNTIF('Data R1'!V43,">0")+COUNTIF('Data R1'!X43,">0")) | J41: =IF('Data R1'!C43="","",IF((COUNTIF('Data R1'!K43,">0")+COUNTIF('Data R1'!M43,">0")+COUNTIF('Data R1'!O43,">0")+COUNTIF('Data R1'!Q43,">0")+COUNTIF('Data R1'!S43,">0")+COUNTIF('Data R1'!U43,">0")+COUNTIF('Data R1'!W43,">0")+COUNTIF('Data R1'!Y43,">0"))>0,1,0)) | M41: Data R
A42: Regional 1 | B42: =IF('Data R1'!C44="","",'Data R1'!B44) | C42: =IF('Data R1'!C44="","",'Data R1'!C44) | D42: =IF('Data R1'!C44="","",'Data R1'!D44) | E42: =IF('Data R1'!C44="","",'Data R1'!E44) | F42: =IF('Data R1'!C44="","",'Data R1'!F44) | G42: =IF('Data R1'!C44="","",'Data R1'!AD44) | H42: =IF('Data R1'!C44="","",'Data R1'!AC44) | I42: =IF('Data R1'!C44="","",COUNTIF('Data R1'!J44,">0")+COUNTIF('Data R1'!L44,">0")+COUNTIF('Data R1'!N44,">0")+COUNTIF('Data R1'!P44,">0")+COUNTIF('Data R1'!R44,">0")+COUNTIF('Data R1'!T44,">0")+COUNTIF('Data R1'!V44,">0")+COUNTIF('Data R1'!X44,">0")) | J42: =IF('Data R1'!C44="","",IF((COUNTIF('Data R1'!K44,">0")+COUNTIF('Data R1'!M44,">0")+COUNTIF('Data R1'!O44,">0")+COUNTIF('Data R1'!Q44,">0")+COUNTIF('Data R1'!S44,">0")+COUNTIF('Data R1'!U44,">0")+COUNTIF('Data R1'!W44,">0")+COUNTIF('Data R1'!Y44,">0"))>0,1,0)) | M42: Data R
A43: Regional 1 | B43: =IF('Data R1'!C45="","",'Data R1'!B45) | C43: =IF('Data R1'!C45="","",'Data R1'!C45) | D43: =IF('Data R1'!C45="","",'Data R1'!D45) | E43: =IF('Data R1'!C45="","",'Data R1'!E45) | F43: =IF('Data R1'!C45="","",'Data R1'!F45) | G43: =IF('Data R1'!C45="","",'Data R1'!AD45) | H43: =IF('Data R1'!C45="","",'Data R1'!AC45) | I43: =IF('Data R1'!C45="","",COUNTIF('Data R1'!J45,">0")+COUNTIF('Data R1'!L45,">0")+COUNTIF('Data R1'!N45,">0")+COUNTIF('Data R1'!P45,">0")+COUNTIF('Data R1'!R45,">0")+COUNTIF('Data R1'!T45,">0")+COUNTIF('Data R1'!V45,">0")+COUNTIF('Data R1'!X45,">0")) | J43: =IF('Data R1'!C45="","",IF((COUNTIF('Data R1'!K45,">0")+COUNTIF('Data R1'!M45,">0")+COUNTIF('Data R1'!O45,">0")+COUNTIF('Data R1'!Q45,">0")+COUNTIF('Data R1'!S45,">0")+COUNTIF('Data R1'!U45,">0")+COUNTIF('Data R1'!W45,">0")+COUNTIF('Data R1'!Y45,">0"))>0,1,0)) | M43: Data R
A44: Regional 1 | B44: =IF('Data R1'!C46="","",'Data R1'!B46) | C44: =IF('Data R1'!C46="","",'Data R1'!C46) | D44: =IF('Data R1'!C46="","",'Data R1'!D46) | E44: =IF('Data R1'!C46="","",'Data R1'!E46) | F44: =IF('Data R1'!C46="","",'Data R1'!F46) | G44: =IF('Data R1'!C46="","",'Data R1'!AD46) | H44: =IF('Data R1'!C46="","",'Data R1'!AC46) | I44: =IF('Data R1'!C46="","",COUNTIF('Data R1'!J46,">0")+COUNTIF('Data R1'!L46,">0")+COUNTIF('Data R1'!N46,">0")+COUNTIF('Data R1'!P46,">0")+COUNTIF('Data R1'!R46,">0")+COUNTIF('Data R1'!T46,">0")+COUNTIF('Data R1'!V46,">0")+COUNTIF('Data R1'!X46,">0")) | J44: =IF('Data R1'!C46="","",IF((COUNTIF('Data R1'!K46,">0")+COUNTIF('Data R1'!M46,">0")+COUNTIF('Data R1'!O46,">0")+COUNTIF('Data R1'!Q46,">0")+COUNTIF('Data R1'!S46,">0")+COUNTIF('Data R1'!U46,">0")+COUNTIF('Data R1'!W46,">0")+COUNTIF('Data R1'!Y46,">0"))>0,1,0)) | M44: Data R
A45: Regional 1 | B45: =IF('Data R1'!C47="","",'Data R1'!B47) | C45: =IF('Data R1'!C47="","",'Data R1'!C47) | D45: =IF('Data R1'!C47="","",'Data R1'!D47) | E45: =IF('Data R1'!C47="","",'Data R1'!E47) | F45: =IF('Data R1'!C47="","",'Data R1'!F47) | G45: =IF('Data R1'!C47="","",'Data R1'!AD47) | H45: =IF('Data R1'!C47="","",'Data R1'!AC47) | I45: =IF('Data R1'!C47="","",COUNTIF('Data R1'!J47,">0")+COUNTIF('Data R1'!L47,">0")+COUNTIF('Data R1'!N47,">0")+COUNTIF('Data R1'!P47,">0")+COUNTIF('Data R1'!R47,">0")+COUNTIF('Data R1'!T47,">0")+COUNTIF('Data R1'!V47,">0")+COUNTIF('Data R1'!X47,">0")) | J45: =IF('Data R1'!C47="","",IF((COUNTIF('Data R1'!K47,">0")+COUNTIF('Data R1'!M47,">0")+COUNTIF('Data R1'!O47,">0")+COUNTIF('Data R1'!Q47,">0")+COUNTIF('Data R1'!S47,">0")+COUNTIF('Data R1'!U47,">0")+COUNTIF('Data R1'!W47,">0")+COUNTIF('Data R1'!Y47,">0"))>0,1,0)) | M45: Data R
... A999: Regional 1 | B999: =IF('Data R1'!C1001="","",'Data R1'!B1001) | C999: =IF('Data R1'!C1001="","",'Data R1'!C1001) | D999: =IF('Data R1'!C1001="","",'Data R1'!D1001) | E999: =IF('Data R1'!C1001="","",'Data R1'!E1001) | F999: =IF('Data R1'!C1001="","",'Data R1'!F1001) | G999: =IF('Data R1'!C1001="","",'Data R1'!AD1001) | H999: =IF('Data R1'!C1001="","",'Data R1'!AC1001) | I999: =IF('Data R1'!C1001="","",COUNTIF('Data R1'!J1001,">0")+COUNTIF('Data R1'!L1001,">0")+COUNTIF('Data R1'!N1001,">0")+COUNTIF('Data R1'!P1001,">0")+COUNTIF('Data R1'!R1001,">0")+COUNTIF('Data R1'!T1001,">0")+COUNTIF('Data R1'!V1001,">0")+COUNTIF('Data R1'!X1001,">0")) | J999: =IF('Data R1'!C1001="","",IF((COUNTIF('Data R1'!K1001,">0")+COUNTIF('Data R1'!M1001,">0")+COUNTIF('Data R1'!O1001,">0")+COUNTIF('Data R1'!Q1001,">0")+COUNTIF('Data R1'!S1001,">0")+COUNTIF('Data R1'!U1001,">0")+COUNTIF('Data R1'!W1001,">0")+COUNTIF('Data R1'!Y1001,">0"))>0,1,0)) | M999: Data R
A1000: Regional 2 | B1000: =IF('Data R2'!C4="","",'Data R2'!B4) | C1000: =IF('Data R2'!C4="","",'Data R2'!C4) | D1000: =IF('Data R2'!C4="","",'Data R2'!D4) | E1000: =IF('Data R2'!C4="","",'Data R2'!E4) | F1000: =IF('Data R2'!C4="","",'Data R2'!F4) | G1000: =IF('Data R2'!C4="","",'Data R2'!AD4) | H1000: =IF('Data R2'!C4="","",'Data R2'!AC4) | I1000: =IF('Data R2'!C4="","",COUNTIF('Data R2'!J4,">0")+COUNTIF('Data R2'!L4,">0")+COUNTIF('Data R2'!N4,">0")+COUNTIF('Data R2'!P4,">0")+COUNTIF('Data R2'!R4,">0")+COUNTIF('Data R2'!T4,">0")+COUNTIF('Data R2'!V4,">0")+COUNTIF('Data R2'!X4,">0")) | J1000: =IF('Data R2'!C4="","",IF((COUNTIF('Data R2'!K4,">0")+COUNTIF('Data R2'!M4,">0")+COUNTIF('Data R2'!O4,">0")+COUNTIF('Data R2'!Q4,">0")+COUNTIF('Data R2'!S4,">0")+COUNTIF('Data R2'!U4,">0")+COUNTIF('Data R2'!W4,">0")+COUNTIF('Data R2'!Y4,">0"))>0,1,0)) | K1000: Tanam Ulang / Program TU | L1000: Pak Edi Sigit Sutarta; Pak Iput Pradiko | M1000: Data R
A1001: Regional 2 | B1001: =IF('Data R2'!C5="","",'Data R2'!B5) | C1001: =IF('Data R2'!C5="","",'Data R2'!C5) | D1001: =IF('Data R2'!C5="","",'Data R2'!D5) | E1001: =IF('Data R2'!C5="","",'Data R2'!E5) | F1001: =IF('Data R2'!C5="","",'Data R2'!F5) | G1001: =IF('Data R2'!C5="","",'Data R2'!AD5) | H1001: =IF('Data R2'!C5="","",'Data R2'!AC5) | I1001: =IF('Data R2'!C5="","",COUNTIF('Data R2'!J5,">0")+COUNTIF('Data R2'!L5,">0")+COUNTIF('Data R2'!N5,">0")+COUNTIF('Data R2'!P5,">0")+COUNTIF('Data R2'!R5,">0")+COUNTIF('Data R2'!T5,">0")+COUNTIF('Data R2'!V5,">0")+COUNTIF('Data R2'!X5,">0")) | J1001: =IF('Data R2'!C5="","",IF((COUNTIF('Data R2'!K5,">0")+COUNTIF('Data R2'!M5,">0")+COUNTIF('Data R2'!O5,">0")+COUNTIF('Data R2'!Q5,">0")+COUNTIF('Data R2'!S5,">0")+COUNTIF('Data R2'!U5,">0")+COUNTIF('Data R2'!W5,">0")+COUNTIF('Data R2'!Y5,">0"))>0,1,0)) | L1001: Pak Edi Sigit Sutarta; Pak Iput Pradiko | M1001: Data R
A1002: Regional 2 | B1002: =IF('Data R2'!C6="","",'Data R2'!B6) | C1002: =IF('Data R2'!C6="","",'Data R2'!C6) | D1002: =IF('Data R2'!C6="","",'Data R2'!D6) | E1002: =IF('Data R2'!C6="","",'Data R2'!E6) | F1002: =IF('Data R2'!C6="","",'Data R2'!F6) | G1002: =IF('Data R2'!C6="","",'Data R2'!AD6) | H1002: =IF('Data R2'!C6="","",'Data R2'!AC6) | I1002: =IF('Data R2'!C6="","",COUNTIF('Data R2'!J6,">0")+COUNTIF('Data R2'!L6,">0")+COUNTIF('Data R2'!N6,">0")+COUNTIF('Data R2'!P6,">0")+COUNTIF('Data R2'!R6,">0")+COUNTIF('Data R2'!T6,">0")+COUNTIF('Data R2'!V6,">0")+COUNTIF('Data R2'!X6,">0")) | J1002: =IF('Data R2'!C6="","",IF((COUNTIF('Data R2'!K6,">0")+COUNTIF('Data R2'!M6,">0")+COUNTIF('Data R2'!O6,">0")+COUNTIF('Data R2'!Q6,">0")+COUNTIF('Data R2'!S6,">0")+COUNTIF('Data R2'!U6,">0")+COUNTIF('Data R2'!W6,">0")+COUNTIF('Data R2'!Y6,">0"))>0,1,0)) | L1002: Pak Edi Sigit Sutarta; Pak Iput Pradiko | M1002: Data R
A1003: Regional 2 | B1003: =IF('Data R2'!C7="","",'Data R2'!B7) | C1003: =IF('Data R2'!C7="","",'Data R2'!C7) | D1003: =IF('Data R2'!C7="","",'Data R2'!D7) | E1003: =IF('Data R2'!C7="","",'Data R2'!E7) | F1003: =IF('Data R2'!C7="","",'Data R2'!F7) | G1003: =IF('Data R2'!C7="","",'Data R2'!AD7) | H1003: =IF('Data R2'!C7="","",'Data R2'!AC7) | I1003: =IF('Data R2'!C7="","",COUNTIF('Data R2'!J7,">0")+COUNTIF('Data R2'!L7,">0")+COUNTIF('Data R2'!N7,">0")+COUNTIF('Data R2'!P7,">0")+COUNTIF('Data R2'!R7,">0")+COUNTIF('Data R2'!T7,">0")+COUNTIF('Data R2'!V7,">0")+COUNTIF('Data R2'!X7,">0")) | J1003: =IF('Data R2'!C7="","",IF((COUNTIF('Data R2'!K7,">0")+COUNTIF('Data R2'!M7,">0")+COUNTIF('Data R2'!O7,">0")+COUNTIF('Data R2'!Q7,">0")+COUNTIF('Data R2'!S7,">0")+COUNTIF('Data R2'!U7,">0")+COUNTIF('Data R2'!W7,">0")+COUNTIF('Data R2'!Y7,">0"))>0,1,0)) | L1003: Pak Edi Sigit Sutarta; Pak Iput Pradiko | M1003: Data R
A1004: Regional 2 | B1004: =IF('Data R2'!C8="","",'Data R2'!B8) | C1004: =IF('Data R2'!C8="","",'Data R2'!C8) | D1004: =IF('Data R2'!C8="","",'Data R2'!D8) | E1004: =IF('Data R2'!C8="","",'Data R2'!E8) | F1004: =IF('Data R2'!C8="","",'Data R2'!F8) | G1004: =IF('Data R2'!C8="","",'Data R2'!AD8) | H1004: =IF('Data R2'!C8="","",'Data R2'!AC8) | I1004: =IF('Data R2'!C8="","",COUNTIF('Data R2'!J8,">0")+COUNTIF('Data R2'!L8,">0")+COUNTIF('Data R2'!N8,">0")+COUNTIF('Data R2'!P8,">0")+COUNTIF('Data R2'!R8,">0")+COUNTIF('Data R2'!T8,">0")+COUNTIF('Data R2'!V8,">0")+COUNTIF('Data R2'!X8,">0")) | J1004: =IF('Data R2'!C8="","",IF((COUNTIF('Data R2'!K8,">0")+COUNTIF('Data R2'!M8,">0")+COUNTIF('Data R2'!O8,">0")+COUNTIF('Data R2'!Q8,">0")+COUNTIF('Data R2'!S8,">0")+COUNTIF('Data R2'!U8,">0")+COUNTIF('Data R2'!W8,">0")+COUNTIF('Data R2'!Y8,">0"))>0,1,0)) | K1004: Produksi / Kultur Teknis | M1004: Data R
A1005: Regional 2 | B1005: =IF('Data R2'!C9="","",'Data R2'!B9) | C1005: =IF('Data R2'!C9="","",'Data R2'!C9) | D1005: =IF('Data R2'!C9="","",'Data R2'!D9) | E1005: =IF('Data R2'!C9="","",'Data R2'!E9) | F1005: =IF('Data R2'!C9="","",'Data R2'!F9) | G1005: =IF('Data R2'!C9="","",'Data R2'!AD9) | H1005: =IF('Data R2'!C9="","",'Data R2'!AC9) | I1005: =IF('Data R2'!C9="","",COUNTIF('Data R2'!J9,">0")+COUNTIF('Data R2'!L9,">0")+COUNTIF('Data R2'!N9,">0")+COUNTIF('Data R2'!P9,">0")+COUNTIF('Data R2'!R9,">0")+COUNTIF('Data R2'!T9,">0")+COUNTIF('Data R2'!V9,">0")+COUNTIF('Data R2'!X9,">0")) | J1005: =IF('Data R2'!C9="","",IF((COUNTIF('Data R2'!K9,">0")+COUNTIF('Data R2'!M9,">0")+COUNTIF('Data R2'!O9,">0")+COUNTIF('Data R2'!Q9,">0")+COUNTIF('Data R2'!S9,">0")+COUNTIF('Data R2'!U9,">0")+COUNTIF('Data R2'!W9,">0")+COUNTIF('Data R2'!Y9,">0"))>0,1,0)) | M1005: Data R
A1006: Regional 2 | B1006: =IF('Data R2'!C10="","",'Data R2'!B10) | C1006: =IF('Data R2'!C10="","",'Data R2'!C10) | D1006: =IF('Data R2'!C10="","",'Data R2'!D10) | E1006: =IF('Data R2'!C10="","",'Data R2'!E10) | F1006: =IF('Data R2'!C10="","",'Data R2'!F10) | G1006: =IF('Data R2'!C10="","",'Data R2'!AD10) | H1006: =IF('Data R2'!C10="","",'Data R2'!AC10) | I1006: =IF('Data R2'!C10="","",COUNTIF('Data R2'!J10,">0")+COUNTIF('Data R2'!L10,">0")+COUNTIF('Data R2'!N10,">0")+COUNTIF('Data R2'!P10,">0")+COUNTIF('Data R2'!R10,">0")+COUNTIF('Data R2'!T10,">0")+COUNTIF('Data R2'!V10,">0")+COUNTIF('Data R2'!X10,">0")) | J1006: =IF('Data R2'!C10="","",IF((COUNTIF('Data R2'!K10,">0")+COUNTIF('Data R2'!M10,">0")+COUNTIF('Data R2'!O10,">0")+COUNTIF('Data R2'!Q10,">0")+COUNTIF('Data R2'!S10,">0")+COUNTIF('Data R2'!U10,">0")+COUNTIF('Data R2'!W10,">0")+COUNTIF('Data R2'!Y10,">0"))>0,1,0)) | M1006: Data R
A1007: Regional 2 | B1007: =IF('Data R2'!C11="","",'Data R2'!B11) | C1007: =IF('Data R2'!C11="","",'Data R2'!C11) | D1007: =IF('Data R2'!C11="","",'Data R2'!D11) | E1007: =IF('Data R2'!C11="","",'Data R2'!E11) | F1007: =IF('Data R2'!C11="","",'Data R2'!F11) | G1007: =IF('Data R2'!C11="","",'Data R2'!AD11) | H1007: =IF('Data R2'!C11="","",'Data R2'!AC11) | I1007: =IF('Data R2'!C11="","",COUNTIF('Data R2'!J11,">0")+COUNTIF('Data R2'!L11,">0")+COUNTIF('Data R2'!N11,">0")+COUNTIF('Data R2'!P11,">0")+COUNTIF('Data R2'!R11,">0")+COUNTIF('Data R2'!T11,">0")+COUNTIF('Data R2'!V11,">0")+COUNTIF('Data R2'!X11,">0")) | J1007: =IF('Data R2'!C11="","",IF((COUNTIF('Data R2'!K11,">0")+COUNTIF('Data R2'!M11,">0")+COUNTIF('Data R2'!O11,">0")+COUNTIF('Data R2'!Q11,">0")+COUNTIF('Data R2'!S11,">0")+COUNTIF('Data R2'!U11,">0")+COUNTIF('Data R2'!W11,">0")+COUNTIF('Data R2'!Y11,">0"))>0,1,0)) | M1007: Data R
A1008: Regional 2 | B1008: =IF('Data R2'!C12="","",'Data R2'!B12) | C1008: =IF('Data R2'!C12="","",'Data R2'!C12) | D1008: =IF('Data R2'!C12="","",'Data R2'!D12) | E1008: =IF('Data R2'!C12="","",'Data R2'!E12) | F1008: =IF('Data R2'!C12="","",'Data R2'!F12) | G1008: =IF('Data R2'!C12="","",'Data R2'!AD12) | H1008: =IF('Data R2'!C12="","",'Data R2'!AC12) | I1008: =IF('Data R2'!C12="","",COUNTIF('Data R2'!J12,">0")+COUNTIF('Data R2'!L12,">0")+COUNTIF('Data R2'!N12,">0")+COUNTIF('Data R2'!P12,">0")+COUNTIF('Data R2'!R12,">0")+COUNTIF('Data R2'!T12,">0")+COUNTIF('Data R2'!V12,">0")+COUNTIF('Data R2'!X12,">0")) | J1008: =IF('Data R2'!C12="","",IF((COUNTIF('Data R2'!K12,">0")+COUNTIF('Data R2'!M12,">0")+COUNTIF('Data R2'!O12,">0")+COUNTIF('Data R2'!Q12,">0")+COUNTIF('Data R2'!S12,">0")+COUNTIF('Data R2'!U12,">0")+COUNTIF('Data R2'!W12,">0")+COUNTIF('Data R2'!Y12,">0"))>0,1,0)) | M1008: Data R
A1009: Regional 2 | B1009: =IF('Data R2'!C13="","",'Data R2'!B13) | C1009: =IF('Data R2'!C13="","",'Data R2'!C13) | D1009: =IF('Data R2'!C13="","",'Data R2'!D13) | E1009: =IF('Data R2'!C13="","",'Data R2'!E13) | F1009: =IF('Data R2'!C13="","",'Data R2'!F13) | G1009: =IF('Data R2'!C13="","",'Data R2'!AD13) | H1009: =IF('Data R2'!C13="","",'Data R2'!AC13) | I1009: =IF('Data R2'!C13="","",COUNTIF('Data R2'!J13,">0")+COUNTIF('Data R2'!L13,">0")+COUNTIF('Data R2'!N13,">0")+COUNTIF('Data R2'!P13,">0")+COUNTIF('Data R2'!R13,">0")+COUNTIF('Data R2'!T13,">0")+COUNTIF('Data R2'!V13,">0")+COUNTIF('Data R2'!X13,">0")) | J1009: =IF('Data R2'!C13="","",IF((COUNTIF('Data R2'!K13,">0")+COUNTIF('Data R2'!M13,">0")+COUNTIF('Data R2'!O13,">0")+COUNTIF('Data R2'!Q13,">0")+COUNTIF('Data R2'!S13,">0")+COUNTIF('Data R2'!U13,">0")+COUNTIF('Data R2'!W13,">0")+COUNTIF('Data R2'!Y13,">0"))>0,1,0)) | M1009: Data R
A1010: Regional 2 | B1010: =IF('Data R2'!C14="","",'Data R2'!B14) | C1010: =IF('Data R2'!C14="","",'Data R2'!C14) | D1010: =IF('Data R2'!C14="","",'Data R2'!D14) | E1010: =IF('Data R2'!C14="","",'Data R2'!E14) | F1010: =IF('Data R2'!C14="","",'Data R2'!F14) | G1010: =IF('Data R2'!C14="","",'Data R2'!AD14) | H1010: =IF('Data R2'!C14="","",'Data R2'!AC14) | I1010: =IF('Data R2'!C14="","",COUNTIF('Data R2'!J14,">0")+COUNTIF('Data R2'!L14,">0")+COUNTIF('Data R2'!N14,">0")+COUNTIF('Data R2'!P14,">0")+COUNTIF('Data R2'!R14,">0")+COUNTIF('Data R2'!T14,">0")+COUNTIF('Data R2'!V14,">0")+COUNTIF('Data R2'!X14,">0")) | J1010: =IF('Data R2'!C14="","",IF((COUNTIF('Data R2'!K14,">0")+COUNTIF('Data R2'!M14,">0")+COUNTIF('Data R2'!O14,">0")+COUNTIF('Data R2'!Q14,">0")+COUNTIF('Data R2'!S14,">0")+COUNTIF('Data R2'!U14,">0")+COUNTIF('Data R2'!W14,">0")+COUNTIF('Data R2'!Y14,">0"))>0,1,0)) | K1010: Tanam Ulang / Program TU | M1010: Data R
A1011: Regional 2 | B1011: =IF('Data R2'!C15="","",'Data R2'!B15) | C1011: =IF('Data R2'!C15="","",'Data R2'!C15) | D1011: =IF('Data R2'!C15="","",'Data R2'!D15) | E1011: =IF('Data R2'!C15="","",'Data R2'!E15) | F1011: =IF('Data R2'!C15="","",'Data R2'!F15) | G1011: =IF('Data R2'!C15="","",'Data R2'!AD15) | H1011: =IF('Data R2'!C15="","",'Data R2'!AC15) | I1011: =IF('Data R2'!C15="","",COUNTIF('Data R2'!J15,">0")+COUNTIF('Data R2'!L15,">0")+COUNTIF('Data R2'!N15,">0")+COUNTIF('Data R2'!P15,">0")+COUNTIF('Data R2'!R15,">0")+COUNTIF('Data R2'!T15,">0")+COUNTIF('Data R2'!V15,">0")+COUNTIF('Data R2'!X15,">0")) | J1011: =IF('Data R2'!C15="","",IF((COUNTIF('Data R2'!K15,">0")+COUNTIF('Data R2'!M15,">0")+COUNTIF('Data R2'!O15,">0")+COUNTIF('Data R2'!Q15,">0")+COUNTIF('Data R2'!S15,">0")+COUNTIF('Data R2'!U15,">0")+COUNTIF('Data R2'!W15,">0")+COUNTIF('Data R2'!Y15,">0"))>0,1,0)) | M1011: Data R
A1012: Regional 2 | B1012: =IF('Data R2'!C16="","",'Data R2'!B16) | C1012: =IF('Data R2'!C16="","",'Data R2'!C16) | D1012: =IF('Data R2'!C16="","",'Data R2'!D16) | E1012: =IF('Data R2'!C16="","",'Data R2'!E16) | F1012: =IF('Data R2'!C16="","",'Data R2'!F16) | G1012: =IF('Data R2'!C16="","",'Data R2'!AD16) | H1012: =IF('Data R2'!C16="","",'Data R2'!AC16) | I1012: =IF('Data R2'!C16="","",COUNTIF('Data R2'!J16,">0")+COUNTIF('Data R2'!L16,">0")+COUNTIF('Data R2'!N16,">0")+COUNTIF('Data R2'!P16,">0")+COUNTIF('Data R2'!R16,">0")+COUNTIF('Data R2'!T16,">0")+COUNTIF('Data R2'!V16,">0")+COUNTIF('Data R2'!X16,">0")) | J1012: =IF('Data R2'!C16="","",IF((COUNTIF('Data R2'!K16,">0")+COUNTIF('Data R2'!M16,">0")+COUNTIF('Data R2'!O16,">0")+COUNTIF('Data R2'!Q16,">0")+COUNTIF('Data R2'!S16,">0")+COUNTIF('Data R2'!U16,">0")+COUNTIF('Data R2'!W16,">0")+COUNTIF('Data R2'!Y16,">0"))>0,1,0)) | M1012: Data R
A1013: Regional 2 | B1013: =IF('Data R2'!C17="","",'Data R2'!B17) | C1013: =IF('Data R2'!C17="","",'Data R2'!C17) | D1013: =IF('Data R2'!C17="","",'Data R2'!D17) | E1013: =IF('Data R2'!C17="","",'Data R2'!E17) | F1013: =IF('Data R2'!C17="","",'Data R2'!F17) | G1013: =IF('Data R2'!C17="","",'Data R2'!AD17) | H1013: =IF('Data R2'!C17="","",'Data R2'!AC17) | I1013: =IF('Data R2'!C17="","",COUNTIF('Data R2'!J17,">0")+COUNTIF('Data R2'!L17,">0")+COUNTIF('Data R2'!N17,">0")+COUNTIF('Data R2'!P17,">0")+COUNTIF('Data R2'!R17,">0")+COUNTIF('Data R2'!T17,">0")+COUNTIF('Data R2'!V17,">0")+COUNTIF('Data R2'!X17,">0")) | J1013: =IF('Data R2'!C17="","",IF((COUNTIF('Data R2'!K17,">0")+COUNTIF('Data R2'!M17,">0")+COUNTIF('Data R2'!O17,">0")+COUNTIF('Data R2'!Q17,">0")+COUNTIF('Data R2'!S17,">0")+COUNTIF('Data R2'!U17,">0")+COUNTIF('Data R2'!W17,">0")+COUNTIF('Data R2'!Y17,">0"))>0,1,0)) | M1013: Data R
A1014: Regional 2 | B1014: =IF('Data R2'!C18="","",'Data R2'!B18) | C1014: =IF('Data R2'!C18="","",'Data R2'!C18) | D1014: =IF('Data R2'!C18="","",'Data R2'!D18) | E1014: =IF('Data R2'!C18="","",'Data R2'!E18) | F1014: =IF('Data R2'!C18="","",'Data R2'!F18) | G1014: =IF('Data R2'!C18="","",'Data R2'!AD18) | H1014: =IF('Data R2'!C18="","",'Data R2'!AC18) | I1014: =IF('Data R2'!C18="","",COUNTIF('Data R2'!J18,">0")+COUNTIF('Data R2'!L18,">0")+COUNTIF('Data R2'!N18,">0")+COUNTIF('Data R2'!P18,">0")+COUNTIF('Data R2'!R18,">0")+COUNTIF('Data R2'!T18,">0")+COUNTIF('Data R2'!V18,">0")+COUNTIF('Data R2'!X18,">0")) | J1014: =IF('Data R2'!C18="","",IF((COUNTIF('Data R2'!K18,">0")+COUNTIF('Data R2'!M18,">0")+COUNTIF('Data R2'!O18,">0")+COUNTIF('Data R2'!Q18,">0")+COUNTIF('Data R2'!S18,">0")+COUNTIF('Data R2'!U18,">0")+COUNTIF('Data R2'!W18,">0")+COUNTIF('Data R2'!Y18,">0"))>0,1,0)) | M1014: Data R
A1015: Regional 2 | B1015: =IF('Data R2'!C19="","",'Data R2'!B19) | C1015: =IF('Data R2'!C19="","",'Data R2'!C19) | D1015: =IF('Data R2'!C19="","",'Data R2'!D19) | E1015: =IF('Data R2'!C19="","",'Data R2'!E19) | F1015: =IF('Data R2'!C19="","",'Data R2'!F19) | G1015: =IF('Data R2'!C19="","",'Data R2'!AD19) | H1015: =IF('Data R2'!C19="","",'Data R2'!AC19) | I1015: =IF('Data R2'!C19="","",COUNTIF('Data R2'!J19,">0")+COUNTIF('Data R2'!L19,">0")+COUNTIF('Data R2'!N19,">0")+COUNTIF('Data R2'!P19,">0")+COUNTIF('Data R2'!R19,">0")+COUNTIF('Data R2'!T19,">0")+COUNTIF('Data R2'!V19,">0")+COUNTIF('Data R2'!X19,">0")) | J1015: =IF('Data R2'!C19="","",IF((COUNTIF('Data R2'!K19,">0")+COUNTIF('Data R2'!M19,">0")+COUNTIF('Data R2'!O19,">0")+COUNTIF('Data R2'!Q19,">0")+COUNTIF('Data R2'!S19,">0")+COUNTIF('Data R2'!U19,">0")+COUNTIF('Data R2'!W19,">0")+COUNTIF('Data R2'!Y19,">0"))>0,1,0)) | M1015: Data R
A1016: Regional 2 | B1016: =IF('Data R2'!C20="","",'Data R2'!B20) | C1016: =IF('Data R2'!C20="","",'Data R2'!C20) | D1016: =IF('Data R2'!C20="","",'Data R2'!D20) | E1016: =IF('Data R2'!C20="","",'Data R2'!E20) | F1016: =IF('Data R2'!C20="","",'Data R2'!F20) | G1016: =IF('Data R2'!C20="","",'Data R2'!AD20) | H1016: =IF('Data R2'!C20="","",'Data R2'!AC20) | I1016: =IF('Data R2'!C20="","",COUNTIF('Data R2'!J20,">0")+COUNTIF('Data R2'!L20,">0")+COUNTIF('Data R2'!N20,">0")+COUNTIF('Data R2'!P20,">0")+COUNTIF('Data R2'!R20,">0")+COUNTIF('Data R2'!T20,">0")+COUNTIF('Data R2'!V20,">0")+COUNTIF('Data R2'!X20,">0")) | J1016: =IF('Data R2'!C20="","",IF((COUNTIF('Data R2'!K20,">0")+COUNTIF('Data R2'!M20,">0")+COUNTIF('Data R2'!O20,">0")+COUNTIF('Data R2'!Q20,">0")+COUNTIF('Data R2'!S20,">0")+COUNTIF('Data R2'!U20,">0")+COUNTIF('Data R2'!W20,">0")+COUNTIF('Data R2'!Y20,">0"))>0,1,0)) | M1016: Data R
A1017: Regional 2 | B1017: =IF('Data R2'!C21="","",'Data R2'!B21) | C1017: =IF('Data R2'!C21="","",'Data R2'!C21) | D1017: =IF('Data R2'!C21="","",'Data R2'!D21) | E1017: =IF('Data R2'!C21="","",'Data R2'!E21) | F1017: =IF('Data R2'!C21="","",'Data R2'!F21) | G1017: =IF('Data R2'!C21="","",'Data R2'!AD21) | H1017: =IF('Data R2'!C21="","",'Data R2'!AC21) | I1017: =IF('Data R2'!C21="","",COUNTIF('Data R2'!J21,">0")+COUNTIF('Data R2'!L21,">0")+COUNTIF('Data R2'!N21,">0")+COUNTIF('Data R2'!P21,">0")+COUNTIF('Data R2'!R21,">0")+COUNTIF('Data R2'!T21,">0")+COUNTIF('Data R2'!V21,">0")+COUNTIF('Data R2'!X21,">0")) | J1017: =IF('Data R2'!C21="","",IF((COUNTIF('Data R2'!K21,">0")+COUNTIF('Data R2'!M21,">0")+COUNTIF('Data R2'!O21,">0")+COUNTIF('Data R2'!Q21,">0")+COUNTIF('Data R2'!S21,">0")+COUNTIF('Data R2'!U21,">0")+COUNTIF('Data R2'!W21,">0")+COUNTIF('Data R2'!Y21,">0"))>0,1,0)) | M1017: Data R
A1018: Regional 2 | B1018: =IF('Data R2'!C22="","",'Data R2'!B22) | C1018: =IF('Data R2'!C22="","",'Data R2'!C22) | D1018: =IF('Data R2'!C22="","",'Data R2'!D22) | E1018: =IF('Data R2'!C22="","",'Data R2'!E22) | F1018: =IF('Data R2'!C22="","",'Data R2'!F22) | G1018: =IF('Data R2'!C22="","",'Data R2'!AD22) | H1018: =IF('Data R2'!C22="","",'Data R2'!AC22) | I1018: =IF('Data R2'!C22="","",COUNTIF('Data R2'!J22,">0")+COUNTIF('Data R2'!L22,">0")+COUNTIF('Data R2'!N22,">0")+COUNTIF('Data R2'!P22,">0")+COUNTIF('Data R2'!R22,">0")+COUNTIF('Data R2'!T22,">0")+COUNTIF('Data R2'!V22,">0")+COUNTIF('Data R2'!X22,">0")) | J1018: =IF('Data R2'!C22="","",IF((COUNTIF('Data R2'!K22,">0")+COUNTIF('Data R2'!M22,">0")+COUNTIF('Data R2'!O22,">0")+COUNTIF('Data R2'!Q22,">0")+COUNTIF('Data R2'!S22,">0")+COUNTIF('Data R2'!U22,">0")+COUNTIF('Data R2'!W22,">0")+COUNTIF('Data R2'!Y22,">0"))>0,1,0)) | M1018: Data R
A1019: Regional 2 | B1019: =IF('Data R2'!C23="","",'Data R2'!B23) | C1019: =IF('Data R2'!C23="","",'Data R2'!C23) | D1019: =IF('Data R2'!C23="","",'Data R2'!D23) | E1019: =IF('Data R2'!C23="","",'Data R2'!E23) | F1019: =IF('Data R2'!C23="","",'Data R2'!F23) | G1019: =IF('Data R2'!C23="","",'Data R2'!AD23) | H1019: =IF('Data R2'!C23="","",'Data R2'!AC23) | I1019: =IF('Data R2'!C23="","",COUNTIF('Data R2'!J23,">0")+COUNTIF('Data R2'!L23,">0")+COUNTIF('Data R2'!N23,">0")+COUNTIF('Data R2'!P23,">0")+COUNTIF('Data R2'!R23,">0")+COUNTIF('Data R2'!T23,">0")+COUNTIF('Data R2'!V23,">0")+COUNTIF('Data R2'!X23,">0")) | J1019: =IF('Data R2'!C23="","",IF((COUNTIF('Data R2'!K23,">0")+COUNTIF('Data R2'!M23,">0")+COUNTIF('Data R2'!O23,">0")+COUNTIF('Data R2'!Q23,">0")+COUNTIF('Data R2'!S23,">0")+COUNTIF('Data R2'!U23,">0")+COUNTIF('Data R2'!W23,">0")+COUNTIF('Data R2'!Y23,">0"))>0,1,0)) | M1019: Data R
A1020: Regional 2 | B1020: =IF('Data R2'!C24="","",'Data R2'!B24) | C1020: =IF('Data R2'!C24="","",'Data R2'!C24) | D1020: =IF('Data R2'!C24="","",'Data R2'!D24) | E1020: =IF('Data R2'!C24="","",'Data R2'!E24) | F1020: =IF('Data R2'!C24="","",'Data R2'!F24) | G1020: =IF('Data R2'!C24="","",'Data R2'!AD24) | H1020: =IF('Data R2'!C24="","",'Data R2'!AC24) | I1020: =IF('Data R2'!C24="","",COUNTIF('Data R2'!J24,">0")+COUNTIF('Data R2'!L24,">0")+COUNTIF('Data R2'!N24,">0")+COUNTIF('Data R2'!P24,">0")+COUNTIF('Data R2'!R24,">0")+COUNTIF('Data R2'!T24,">0")+COUNTIF('Data R2'!V24,">0")+COUNTIF('Data R2'!X24,">0")) | J1020: =IF('Data R2'!C24="","",IF((COUNTIF('Data R2'!K24,">0")+COUNTIF('Data R2'!M24,">0")+COUNTIF('Data R2'!O24,">0")+COUNTIF('Data R2'!Q24,">0")+COUNTIF('Data R2'!S24,">0")+COUNTIF('Data R2'!U24,">0")+COUNTIF('Data R2'!W24,">0")+COUNTIF('Data R2'!Y24,">0"))>0,1,0)) | M1020: Data R
A1021: Regional 2 | B1021: =IF('Data R2'!C25="","",'Data R2'!B25) | C1021: =IF('Data R2'!C25="","",'Data R2'!C25) | D1021: =IF('Data R2'!C25="","",'Data R2'!D25) | E1021: =IF('Data R2'!C25="","",'Data R2'!E25) | F1021: =IF('Data R2'!C25="","",'Data R2'!F25) | G1021: =IF('Data R2'!C25="","",'Data R2'!AD25) | H1021: =IF('Data R2'!C25="","",'Data R2'!AC25) | I1021: =IF('Data R2'!C25="","",COUNTIF('Data R2'!J25,">0")+COUNTIF('Data R2'!L25,">0")+COUNTIF('Data R2'!N25,">0")+COUNTIF('Data R2'!P25,">0")+COUNTIF('Data R2'!R25,">0")+COUNTIF('Data R2'!T25,">0")+COUNTIF('Data R2'!V25,">0")+COUNTIF('Data R2'!X25,">0")) | J1021: =IF('Data R2'!C25="","",IF((COUNTIF('Data R2'!K25,">0")+COUNTIF('Data R2'!M25,">0")+COUNTIF('Data R2'!O25,">0")+COUNTIF('Data R2'!Q25,">0")+COUNTIF('Data R2'!S25,">0")+COUNTIF('Data R2'!U25,">0")+COUNTIF('Data R2'!W25,">0")+COUNTIF('Data R2'!Y25,">0"))>0,1,0)) | M1021: Data R
A1022: Regional 2 | B1022: =IF('Data R2'!C26="","",'Data R2'!B26) | C1022: =IF('Data R2'!C26="","",'Data R2'!C26) | D1022: =IF('Data R2'!C26="","",'Data R2'!D26) | E1022: =IF('Data R2'!C26="","",'Data R2'!E26) | F1022: =IF('Data R2'!C26="","",'Data R2'!F26) | G1022: =IF('Data R2'!C26="","",'Data R2'!AD26) | H1022: =IF('Data R2'!C26="","",'Data R2'!AC26) | I1022: =IF('Data R2'!C26="","",COUNTIF('Data R2'!J26,">0")+COUNTIF('Data R2'!L26,">0")+COUNTIF('Data R2'!N26,">0")+COUNTIF('Data R2'!P26,">0")+COUNTIF('Data R2'!R26,">0")+COUNTIF('Data R2'!T26,">0")+COUNTIF('Data R2'!V26,">0")+COUNTIF('Data R2'!X26,">0")) | J1022: =IF('Data R2'!C26="","",IF((COUNTIF('Data R2'!K26,">0")+COUNTIF('Data R2'!M26,">0")+COUNTIF('Data R2'!O26,">0")+COUNTIF('Data R2'!Q26,">0")+COUNTIF('Data R2'!S26,">0")+COUNTIF('Data R2'!U26,">0")+COUNTIF('Data R2'!W26,">0")+COUNTIF('Data R2'!Y26,">0"))>0,1,0)) | M1022: Data R
... A1025: Regional 2 | B1025: =IF('Data R2'!C29="","",'Data R2'!B29) | C1025: =IF('Data R2'!C29="","",'Data R2'!C29) | D1025: =IF('Data R2'!C29="","",'Data R2'!D29) | E1025: =IF('Data R2'!C29="","",'Data R2'!E29) | F1025: =IF('Data R2'!C29="","",'Data R2'!F29) | G1025: =IF('Data R2'!C29="","",'Data R2'!AD29) | H1025: =IF('Data R2'!C29="","",'Data R2'!AC29) | I1025: =IF('Data R2'!C29="","",COUNTIF('Data R2'!J29,">0")+COUNTIF('Data R2'!L29,">0")+COUNTIF('Data R2'!N29,">0")+COUNTIF('Data R2'!P29,">0")+COUNTIF('Data R2'!R29,">0")+COUNTIF('Data R2'!T29,">0")+COUNTIF('Data R2'!V29,">0")+COUNTIF('Data R2'!X29,">0")) | J1025: =IF('Data R2'!C29="","",IF((COUNTIF('Data R2'!K29,">0")+COUNTIF('Data R2'!M29,">0")+COUNTIF('Data R2'!O29,">0")+COUNTIF('Data R2'!Q29,">0")+COUNTIF('Data R2'!S29,">0")+COUNTIF('Data R2'!U29,">0")+COUNTIF('Data R2'!W29,">0")+COUNTIF('Data R2'!Y29,">0"))>0,1,0)) | M1025: Data R
A1026: Regional 2 | B1026: =IF('Data R2'!C30="","",'Data R2'!B30) | C1026: =IF('Data R2'!C30="","",'Data R2'!C30) | D1026: =IF('Data R2'!C30="","",'Data R2'!D30) | E1026: =IF('Data R2'!C30="","",'Data R2'!E30) | F1026: =IF('Data R2'!C30="","",'Data R2'!F30) | G1026: =IF('Data R2'!C30="","",'Data R2'!AD30) | H1026: =IF('Data R2'!C30="","",'Data R2'!AC30) | I1026: =IF('Data R2'!C30="","",COUNTIF('Data R2'!J30,">0")+COUNTIF('Data R2'!L30,">0")+COUNTIF('Data R2'!N30,">0")+COUNTIF('Data R2'!P30,">0")+COUNTIF('Data R2'!R30,">0")+COUNTIF('Data R2'!T30,">0")+COUNTIF('Data R2'!V30,">0")+COUNTIF('Data R2'!X30,">0")) | J1026: =IF('Data R2'!C30="","",IF((COUNTIF('Data R2'!K30,">0")+COUNTIF('Data R2'!M30,">0")+COUNTIF('Data R2'!O30,">0")+COUNTIF('Data R2'!Q30,">0")+COUNTIF('Data R2'!S30,">0")+COUNTIF('Data R2'!U30,">0")+COUNTIF('Data R2'!W30,">0")+COUNTIF('Data R2'!Y30,">0"))>0,1,0)) | K1026: Tanam Ulang / Program TU | M1026: Data R
A1027: Regional 2 | B1027: =IF('Data R2'!C31="","",'Data R2'!B31) | C1027: =IF('Data R2'!C31="","",'Data R2'!C31) | D1027: =IF('Data R2'!C31="","",'Data R2'!D31) | E1027: =IF('Data R2'!C31="","",'Data R2'!E31) | F1027: =IF('Data R2'!C31="","",'Data R2'!F31) | G1027: =IF('Data R2'!C31="","",'Data R2'!AD31) | H1027: =IF('Data R2'!C31="","",'Data R2'!AC31) | I1027: =IF('Data R2'!C31="","",COUNTIF('Data R2'!J31,">0")+COUNTIF('Data R2'!L31,">0")+COUNTIF('Data R2'!N31,">0")+COUNTIF('Data R2'!P31,">0")+COUNTIF('Data R2'!R31,">0")+COUNTIF('Data R2'!T31,">0")+COUNTIF('Data R2'!V31,">0")+COUNTIF('Data R2'!X31,">0")) | J1027: =IF('Data R2'!C31="","",IF((COUNTIF('Data R2'!K31,">0")+COUNTIF('Data R2'!M31,">0")+COUNTIF('Data R2'!O31,">0")+COUNTIF('Data R2'!Q31,">0")+COUNTIF('Data R2'!S31,">0")+COUNTIF('Data R2'!U31,">0")+COUNTIF('Data R2'!W31,">0")+COUNTIF('Data R2'!Y31,">0"))>0,1,0)) | M1027: Data R
A1028: Regional 2 | B1028: =IF('Data R2'!C32="","",'Data R2'!B32) | C1028: =IF('Data R2'!C32="","",'Data R2'!C32) | D1028: =IF('Data R2'!C32="","",'Data R2'!D32) | E1028: =IF('Data R2'!C32="","",'Data R2'!E32) | F1028: =IF('Data R2'!C32="","",'Data R2'!F32) | G1028: =IF('Data R2'!C32="","",'Data R2'!AD32) | H1028: =IF('Data R2'!C32="","",'Data R2'!AC32) | I1028: =IF('Data R2'!C32="","",COUNTIF('Data R2'!J32,">0")+COUNTIF('Data R2'!L32,">0")+COUNTIF('Data R2'!N32,">0")+COUNTIF('Data R2'!P32,">0")+COUNTIF('Data R2'!R32,">0")+COUNTIF('Data R2'!T32,">0")+COUNTIF('Data R2'!V32,">0")+COUNTIF('Data R2'!X32,">0")) | J1028: =IF('Data R2'!C32="","",IF((COUNTIF('Data R2'!K32,">0")+COUNTIF('Data R2'!M32,">0")+COUNTIF('Data R2'!O32,">0")+COUNTIF('Data R2'!Q32,">0")+COUNTIF('Data R2'!S32,">0")+COUNTIF('Data R2'!U32,">0")+COUNTIF('Data R2'!W32,">0")+COUNTIF('Data R2'!Y32,">0"))>0,1,0)) | M1028: Data R
A1029: Regional 2 | B1029: =IF('Data R2'!C33="","",'Data R2'!B33) | C1029: =IF('Data R2'!C33="","",'Data R2'!C33) | D1029: =IF('Data R2'!C33="","",'Data R2'!D33) | E1029: =IF('Data R2'!C33="","",'Data R2'!E33) | F1029: =IF('Data R2'!C33="","",'Data R2'!F33) | G1029: =IF('Data R2'!C33="","",'Data R2'!AD33) | H1029: =IF('Data R2'!C33="","",'Data R2'!AC33) | I1029: =IF('Data R2'!C33="","",COUNTIF('Data R2'!J33,">0")+COUNTIF('Data R2'!L33,">0")+COUNTIF('Data R2'!N33,">0")+COUNTIF('Data R2'!P33,">0")+COUNTIF('Data R2'!R33,">0")+COUNTIF('Data R2'!T33,">0")+COUNTIF('Data R2'!V33,">0")+COUNTIF('Data R2'!X33,">0")) | J1029: =IF('Data R2'!C33="","",IF((COUNTIF('Data R2'!K33,">0")+COUNTIF('Data R2'!M33,">0")+COUNTIF('Data R2'!O33,">0")+COUNTIF('Data R2'!Q33,">0")+COUNTIF('Data R2'!S33,">0")+COUNTIF('Data R2'!U33,">0")+COUNTIF('Data R2'!W33,">0")+COUNTIF('Data R2'!Y33,">0"))>0,1,0)) | M1029: Data R
A1030: Regional 2 | B1030: =IF('Data R2'!C34="","",'Data R2'!B34) | C1030: =IF('Data R2'!C34="","",'Data R2'!C34) | D1030: =IF('Data R2'!C34="","",'Data R2'!D34) | E1030: =IF('Data R2'!C34="","",'Data R2'!E34) | F1030: =IF('Data R2'!C34="","",'Data R2'!F34) | G1030: =IF('Data R2'!C34="","",'Data R2'!AD34) | H1030: =IF('Data R2'!C34="","",'Data R2'!AC34) | I1030: =IF('Data R2'!C34="","",COUNTIF('Data R2'!J34,">0")+COUNTIF('Data R2'!L34,">0")+COUNTIF('Data R2'!N34,">0")+COUNTIF('Data R2'!P34,">0")+COUNTIF('Data R2'!R34,">0")+COUNTIF('Data R2'!T34,">0")+COUNTIF('Data R2'!V34,">0")+COUNTIF('Data R2'!X34,">0")) | J1030: =IF('Data R2'!C34="","",IF((COUNTIF('Data R2'!K34,">0")+COUNTIF('Data R2'!M34,">0")+COUNTIF('Data R2'!O34,">0")+COUNTIF('Data R2'!Q34,">0")+COUNTIF('Data R2'!S34,">0")+COUNTIF('Data R2'!U34,">0")+COUNTIF('Data R2'!W34,">0")+COUNTIF('Data R2'!Y34,">0"))>0,1,0)) | K1030: Tanam Ulang / Program TU | L1030: Pak Edi Sigit Sutarta; Pak Iput Pradiko | M1030: Data R
A1031: Regional 2 | B1031: =IF('Data R2'!C35="","",'Data R2'!B35) | C1031: =IF('Data R2'!C35="","",'Data R2'!C35) | D1031: =IF('Data R2'!C35="","",'Data R2'!D35) | E1031: =IF('Data R2'!C35="","",'Data R2'!E35) | F1031: =IF('Data R2'!C35="","",'Data R2'!F35) | G1031: =IF('Data R2'!C35="","",'Data R2'!AD35) | H1031: =IF('Data R2'!C35="","",'Data R2'!AC35) | I1031: =IF('Data R2'!C35="","",COUNTIF('Data R2'!J35,">0")+COUNTIF('Data R2'!L35,">0")+COUNTIF('Data R2'!N35,">0")+COUNTIF('Data R2'!P35,">0")+COUNTIF('Data R2'!R35,">0")+COUNTIF('Data R2'!T35,">0")+COUNTIF('Data R2'!V35,">0")+COUNTIF('Data R2'!X35,">0")) | J1031: =IF('Data R2'!C35="","",IF((COUNTIF('Data R2'!K35,">0")+COUNTIF('Data R2'!M35,">0")+COUNTIF('Data R2'!O35,">0")+COUNTIF('Data R2'!Q35,">0")+COUNTIF('Data R2'!S35,">0")+COUNTIF('Data R2'!U35,">0")+COUNTIF('Data R2'!W35,">0")+COUNTIF('Data R2'!Y35,">0"))>0,1,0)) | K1031: Bibit / Lewat Umur | L1031: Pak Edi Sigit Sutarta; Pak Iput Pradiko; Buk Nuzul Hijri | M1031: Data R
A1032: Regional 2 | B1032: =IF('Data R2'!C36="","",'Data R2'!B36) | C1032: =IF('Data R2'!C36="","",'Data R2'!C36) | D1032: =IF('Data R2'!C36="","",'Data R2'!D36) | E1032: =IF('Data R2'!C36="","",'Data R2'!E36) | F1032: =IF('Data R2'!C36="","",'Data R2'!F36) | G1032: =IF('Data R2'!C36="","",'Data R2'!AD36) | H1032: =IF('Data R2'!C36="","",'Data R2'!AC36) | I1032: =IF('Data R2'!C36="","",COUNTIF('Data R2'!J36,">0")+COUNTIF('Data R2'!L36,">0")+COUNTIF('Data R2'!N36,">0")+COUNTIF('Data R2'!P36,">0")+COUNTIF('Data R2'!R36,">0")+COUNTIF('Data R2'!T36,">0")+COUNTIF('Data R2'!V36,">0")+COUNTIF('Data R2'!X36,">0")) | J1032: =IF('Data R2'!C36="","",IF((COUNTIF('Data R2'!K36,">0")+COUNTIF('Data R2'!M36,">0")+COUNTIF('Data R2'!O36,">0")+COUNTIF('Data R2'!Q36,">0")+COUNTIF('Data R2'!S36,">0")+COUNTIF('Data R2'!U36,">0")+COUNTIF('Data R2'!W36,">0")+COUNTIF('Data R2'!Y36,">0"))>0,1,0)) | K1032: Evaluasi/Kajian/Pemeriksaan | M1032: Data R
A1033: Regional 2 | B1033: =IF('Data R2'!C37="","",'Data R2'!B37) | C1033: =IF('Data R2'!C37="","",'Data R2'!C37) | D1033: =IF('Data R2'!C37="","",'Data R2'!D37) | E1033: =IF('Data R2'!C37="","",'Data R2'!E37) | F1033: =IF('Data R2'!C37="","",'Data R2'!F37) | G1033: =IF('Data R2'!C37="","",'Data R2'!AD37) | H1033: =IF('Data R2'!C37="","",'Data R2'!AC37) | I1033: =IF('Data R2'!C37="","",COUNTIF('Data R2'!J37,">0")+COUNTIF('Data R2'!L37,">0")+COUNTIF('Data R2'!N37,">0")+COUNTIF('Data R2'!P37,">0")+COUNTIF('Data R2'!R37,">0")+COUNTIF('Data R2'!T37,">0")+COUNTIF('Data R2'!V37,">0")+COUNTIF('Data R2'!X37,">0")) | J1033: =IF('Data R2'!C37="","",IF((COUNTIF('Data R2'!K37,">0")+COUNTIF('Data R2'!M37,">0")+COUNTIF('Data R2'!O37,">0")+COUNTIF('Data R2'!Q37,">0")+COUNTIF('Data R2'!S37,">0")+COUNTIF('Data R2'!U37,">0")+COUNTIF('Data R2'!W37,">0")+COUNTIF('Data R2'!Y37,">0"))>0,1,0)) | K1033: Produksi / Kultur Teknis | M1033: Data R
A1034: Regional 2 | B1034: =IF('Data R2'!C38="","",'Data R2'!B38) | C1034: =IF('Data R2'!C38="","",'Data R2'!C38) | D1034: =IF('Data R2'!C38="","",'Data R2'!D38) | E1034: =IF('Data R2'!C38="","",'Data R2'!E38) | F1034: =IF('Data R2'!C38="","",'Data R2'!F38) | G1034: =IF('Data R2'!C38="","",'Data R2'!AD38) | H1034: =IF('Data R2'!C38="","",'Data R2'!AC38) | I1034: =IF('Data R2'!C38="","",COUNTIF('Data R2'!J38,">0")+COUNTIF('Data R2'!L38,">0")+COUNTIF('Data R2'!N38,">0")+COUNTIF('Data R2'!P38,">0")+COUNTIF('Data R2'!R38,">0")+COUNTIF('Data R2'!T38,">0")+COUNTIF('Data R2'!V38,">0")+COUNTIF('Data R2'!X38,">0")) | J1034: =IF('Data R2'!C38="","",IF((COUNTIF('Data R2'!K38,">0")+COUNTIF('Data R2'!M38,">0")+COUNTIF('Data R2'!O38,">0")+COUNTIF('Data R2'!Q38,">0")+COUNTIF('Data R2'!S38,">0")+COUNTIF('Data R2'!U38,">0")+COUNTIF('Data R2'!W38,">0")+COUNTIF('Data R2'!Y38,">0"))>0,1,0)) | M1034: Data R
A1035: Regional 2 | B1035: =IF('Data R2'!C39="","",'Data R2'!B39) | C1035: =IF('Data R2'!C39="","",'Data R2'!C39) | D1035: =IF('Data R2'!C39="","",'Data R2'!D39) | E1035: =IF('Data R2'!C39="","",'Data R2'!E39) | F1035: =IF('Data R2'!C39="","",'Data R2'!F39) | G1035: =IF('Data R2'!C39="","",'Data R2'!AD39) | H1035: =IF('Data R2'!C39="","",'Data R2'!AC39) | I1035: =IF('Data R2'!C39="","",COUNTIF('Data R2'!J39,">0")+COUNTIF('Data R2'!L39,">0")+COUNTIF('Data R2'!N39,">0")+COUNTIF('Data R2'!P39,">0")+COUNTIF('Data R2'!R39,">0")+COUNTIF('Data R2'!T39,">0")+COUNTIF('Data R2'!V39,">0")+COUNTIF('Data R2'!X39,">0")) | J1035: =IF('Data R2'!C39="","",IF((COUNTIF('Data R2'!K39,">0")+COUNTIF('Data R2'!M39,">0")+COUNTIF('Data R2'!O39,">0")+COUNTIF('Data R2'!Q39,">0")+COUNTIF('Data R2'!S39,">0")+COUNTIF('Data R2'!U39,">0")+COUNTIF('Data R2'!W39,">0")+COUNTIF('Data R2'!Y39,">0"))>0,1,0)) | M1035: Data R
A1036: Regional 2 | B1036: =IF('Data R2'!C40="","",'Data R2'!B40) | C1036: =IF('Data R2'!C40="","",'Data R2'!C40) | D1036: =IF('Data R2'!C40="","",'Data R2'!D40) | E1036: =IF('Data R2'!C40="","",'Data R2'!E40) | F1036: =IF('Data R2'!C40="","",'Data R2'!F40) | G1036: =IF('Data R2'!C40="","",'Data R2'!AD40) | H1036: =IF('Data R2'!C40="","",'Data R2'!AC40) | I1036: =IF('Data R2'!C40="","",COUNTIF('Data R2'!J40,">0")+COUNTIF('Data R2'!L40,">0")+COUNTIF('Data R2'!N40,">0")+COUNTIF('Data R2'!P40,">0")+COUNTIF('Data R2'!R40,">0")+COUNTIF('Data R2'!T40,">0")+COUNTIF('Data R2'!V40,">0")+COUNTIF('Data R2'!X40,">0")) | J1036: =IF('Data R2'!C40="","",IF((COUNTIF('Data R2'!K40,">0")+COUNTIF('Data R2'!M40,">0")+COUNTIF('Data R2'!O40,">0")+COUNTIF('Data R2'!Q40,">0")+COUNTIF('Data R2'!S40,">0")+COUNTIF('Data R2'!U40,">0")+COUNTIF('Data R2'!W40,">0")+COUNTIF('Data R2'!Y40,">0"))>0,1,0)) | K1036: Tanam Ulang / Program TU | L1036: Pak Edi Sigit Sutarta; Pak Iput Pradiko | M1036: Data R
A1037: Regional 2 | B1037: =IF('Data R2'!C41="","",'Data R2'!B41) | C1037: =IF('Data R2'!C41="","",'Data R2'!C41) | D1037: =IF('Data R2'!C41="","",'Data R2'!D41) | E1037: =IF('Data R2'!C41="","",'Data R2'!E41) | F1037: =IF('Data R2'!C41="","",'Data R2'!F41) | G1037: =IF('Data R2'!C41="","",'Data R2'!AD41) | H1037: =IF('Data R2'!C41="","",'Data R2'!AC41) | I1037: =IF('Data R2'!C41="","",COUNTIF('Data R2'!J41,">0")+COUNTIF('Data R2'!L41,">0")+COUNTIF('Data R2'!N41,">0")+COUNTIF('Data R2'!P41,">0")+COUNTIF('Data R2'!R41,">0")+COUNTIF('Data R2'!T41,">0")+COUNTIF('Data R2'!V41,">0")+COUNTIF('Data R2'!X41,">0")) | J1037: =IF('Data R2'!C41="","",IF((COUNTIF('Data R2'!K41,">0")+COUNTIF('Data R2'!M41,">0")+COUNTIF('Data R2'!O41,">0")+COUNTIF('Data R2'!Q41,">0")+COUNTIF('Data R2'!S41,">0")+COUNTIF('Data R2'!U41,">0")+COUNTIF('Data R2'!W41,">0")+COUNTIF('Data R2'!Y41,">0"))>0,1,0)) | L1037: Pak Edi Sigit Sutarta; Pak Iput Pradiko | M1037: Data R
A1038: Regional 2 | B1038: =IF('Data R2'!C42="","",'Data R2'!B42) | C1038: =IF('Data R2'!C42="","",'Data R2'!C42) | D1038: =IF('Data R2'!C42="","",'Data R2'!D42) | E1038: =IF('Data R2'!C42="","",'Data R2'!E42) | F1038: =IF('Data R2'!C42="","",'Data R2'!F42) | G1038: =IF('Data R2'!C42="","",'Data R2'!AD42) | H1038: =IF('Data R2'!C42="","",'Data R2'!AC42) | I1038: =IF('Data R2'!C42="","",COUNTIF('Data R2'!J42,">0")+COUNTIF('Data R2'!L42,">0")+COUNTIF('Data R2'!N42,">0")+COUNTIF('Data R2'!P42,">0")+COUNTIF('Data R2'!R42,">0")+COUNTIF('Data R2'!T42,">0")+COUNTIF('Data R2'!V42,">0")+COUNTIF('Data R2'!X42,">0")) | J1038: =IF('Data R2'!C42="","",IF((COUNTIF('Data R2'!K42,">0")+COUNTIF('Data R2'!M42,">0")+COUNTIF('Data R2'!O42,">0")+COUNTIF('Data R2'!Q42,">0")+COUNTIF('Data R2'!S42,">0")+COUNTIF('Data R2'!U42,">0")+COUNTIF('Data R2'!W42,">0")+COUNTIF('Data R2'!Y42,">0"))>0,1,0)) | L1038: Pak Edi Sigit Sutarta; Pak Iput Pradiko | M1038: Data R
A1039: Regional 2 | B1039: =IF('Data R2'!C43="","",'Data R2'!B43) | C1039: =IF('Data R2'!C43="","",'Data R2'!C43) | D1039: =IF('Data R2'!C43="","",'Data R2'!D43) | E1039: =IF('Data R2'!C43="","",'Data R2'!E43) | F1039: =IF('Data R2'!C43="","",'Data R2'!F43) | G1039: =IF('Data R2'!C43="","",'Data R2'!AD43) | H1039: =IF('Data R2'!C43="","",'Data R2'!AC43) | I1039: =IF('Data R2'!C43="","",COUNTIF('Data R2'!J43,">0")+COUNTIF('Data R2'!L43,">0")+COUNTIF('Data R2'!N43,">0")+COUNTIF('Data R2'!P43,">0")+COUNTIF('Data R2'!R43,">0")+COUNTIF('Data R2'!T43,">0")+COUNTIF('Data R2'!V43,">0")+COUNTIF('Data R2'!X43,">0")) | J1039: =IF('Data R2'!C43="","",IF((COUNTIF('Data R2'!K43,">0")+COUNTIF('Data R2'!M43,">0")+COUNTIF('Data R2'!O43,">0")+COUNTIF('Data R2'!Q43,">0")+COUNTIF('Data R2'!S43,">0")+COUNTIF('Data R2'!U43,">0")+COUNTIF('Data R2'!W43,">0")+COUNTIF('Data R2'!Y43,">0"))>0,1,0)) | L1039: Pak Edi Sigit Sutarta; Pak Iput Pradiko | M1039: Data R
A1040: Regional 2 | B1040: =IF('Data R2'!C44="","",'Data R2'!B44) | C1040: =IF('Data R2'!C44="","",'Data R2'!C44) | D1040: =IF('Data R2'!C44="","",'Data R2'!D44) | E1040: =IF('Data R2'!C44="","",'Data R2'!E44) | F1040: =IF('Data R2'!C44="","",'Data R2'!F44) | G1040: =IF('Data R2'!C44="","",'Data R2'!AD44) | H1040: =IF('Data R2'!C44="","",'Data R2'!AC44) | I1040: =IF('Data R2'!C44="","",COUNTIF('Data R2'!J44,">0")+COUNTIF('Data R2'!L44,">0")+COUNTIF('Data R2'!N44,">0")+COUNTIF('Data R2'!P44,">0")+COUNTIF('Data R2'!R44,">0")+COUNTIF('Data R2'!T44,">0")+COUNTIF('Data R2'!V44,">0")+COUNTIF('Data R2'!X44,">0")) | J1040: =IF('Data R2'!C44="","",IF((COUNTIF('Data R2'!K44,">0")+COUNTIF('Data R2'!M44,">0")+COUNTIF('Data R2'!O44,">0")+COUNTIF('Data R2'!Q44,">0")+COUNTIF('Data R2'!S44,">0")+COUNTIF('Data R2'!U44,">0")+COUNTIF('Data R2'!W44,">0")+COUNTIF('Data R2'!Y44,">0"))>0,1,0)) | L1040: Pak Edi Sigit Sutarta; Pak Iput Pradiko; Buk Nuzul Hijri; Pak Prast | M1040: Data R
A1041: Regional 2 | B1041: =IF('Data R2'!C45="","",'Data R2'!B45) | C1041: =IF('Data R2'!C45="","",'Data R2'!C45) | D1041: =IF('Data R2'!C45="","",'Data R2'!D45) | E1041: =IF('Data R2'!C45="","",'Data R2'!E45) | F1041: =IF('Data R2'!C45="","",'Data R2'!F45) | G1041: =IF('Data R2'!C45="","",'Data R2'!AD45) | H1041: =IF('Data R2'!C45="","",'Data R2'!AC45) | I1041: =IF('Data R2'!C45="","",COUNTIF('Data R2'!J45,">0")+COUNTIF('Data R2'!L45,">0")+COUNTIF('Data R2'!N45,">0")+COUNTIF('Data R2'!P45,">0")+COUNTIF('Data R2'!R45,">0")+COUNTIF('Data R2'!T45,">0")+COUNTIF('Data R2'!V45,">0")+COUNTIF('Data R2'!X45,">0")) | J1041: =IF('Data R2'!C45="","",IF((COUNTIF('Data R2'!K45,">0")+COUNTIF('Data R2'!M45,">0")+COUNTIF('Data R2'!O45,">0")+COUNTIF('Data R2'!Q45,">0")+COUNTIF('Data R2'!S45,">0")+COUNTIF('Data R2'!U45,">0")+COUNTIF('Data R2'!W45,">0")+COUNTIF('Data R2'!Y45,">0"))>0,1,0)) | L1041: Pak Edi Sigit Sutarta; Pak Iput Pradiko; Buk Nuzul Hijri; Pak Prast | M1041: Data R
A1042: Regional 2 | B1042: =IF('Data R2'!C46="","",'Data R2'!B46) | C1042: =IF('Data R2'!C46="","",'Data R2'!C46) | D1042: =IF('Data R2'!C46="","",'Data R2'!D46) | E1042: =IF('Data R2'!C46="","",'Data R2'!E46) | F1042: =IF('Data R2'!C46="","",'Data R2'!F46) | G1042: =IF('Data R2'!C46="","",'Data R2'!AD46) | H1042: =IF('Data R2'!C46="","",'Data R2'!AC46) | I1042: =IF('Data R2'!C46="","",COUNTIF('Data R2'!J46,">0")+COUNTIF('Data R2'!L46,">0")+COUNTIF('Data R2'!N46,">0")+COUNTIF('Data R2'!P46,">0")+COUNTIF('Data R2'!R46,">0")+COUNTIF('Data R2'!T46,">0")+COUNTIF('Data R2'!V46,">0")+COUNTIF('Data R2'!X46,">0")) | J1042: =IF('Data R2'!C46="","",IF((COUNTIF('Data R2'!K46,">0")+COUNTIF('Data R2'!M46,">0")+COUNTIF('Data R2'!O46,">0")+COUNTIF('Data R2'!Q46,">0")+COUNTIF('Data R2'!S46,">0")+COUNTIF('Data R2'!U46,">0")+COUNTIF('Data R2'!W46,">0")+COUNTIF('Data R2'!Y46,">0"))>0,1,0)) | L1042: Pak Edi Sigit Sutarta; Pak Iput Pradiko; Buk Nuzul Hijri; Pak Prast | M1042: Data R
A1043: Regional 2 | B1043: =IF('Data R2'!C47="","",'Data R2'!B47) | C1043: =IF('Data R2'!C47="","",'Data R2'!C47) | D1043: =IF('Data R2'!C47="","",'Data R2'!D47) | E1043: =IF('Data R2'!C47="","",'Data R2'!E47) | F1043: =IF('Data R2'!C47="","",'Data R2'!F47) | G1043: =IF('Data R2'!C47="","",'Data R2'!AD47) | H1043: =IF('Data R2'!C47="","",'Data R2'!AC47) | I1043: =IF('Data R2'!C47="","",COUNTIF('Data R2'!J47,">0")+COUNTIF('Data R2'!L47,">0")+COUNTIF('Data R2'!N47,">0")+COUNTIF('Data R2'!P47,">0")+COUNTIF('Data R2'!R47,">0")+COUNTIF('Data R2'!T47,">0")+COUNTIF('Data R2'!V47,">0")+COUNTIF('Data R2'!X47,">0")) | J1043: =IF('Data R2'!C47="","",IF((COUNTIF('Data R2'!K47,">0")+COUNTIF('Data R2'!M47,">0")+COUNTIF('Data R2'!O47,">0")+COUNTIF('Data R2'!Q47,">0")+COUNTIF('Data R2'!S47,">0")+COUNTIF('Data R2'!U47,">0")+COUNTIF('Data R2'!W47,">0")+COUNTIF('Data R2'!Y47,">0"))>0,1,0)) | L1043: Pak Edi Sigit Sutarta; Pak Iput Pradiko; Buk Nuzul Hijri; Pak Prast | M1043: Data R
A1044: Regional 2 | B1044: =IF('Data R2'!C48="","",'Data R2'!B48) | C1044: =IF('Data R2'!C48="","",'Data R2'!C48) | D1044: =IF('Data R2'!C48="","",'Data R2'!D48) | E1044: =IF('Data R2'!C48="","",'Data R2'!E48) | F1044: =IF('Data R2'!C48="","",'Data R2'!F48) | G1044: =IF('Data R2'!C48="","",'Data R2'!AD48) | H1044: =IF('Data R2'!C48="","",'Data R2'!AC48) | I1044: =IF('Data R2'!C48="","",COUNTIF('Data R2'!J48,">0")+COUNTIF('Data R2'!L48,">0")+COUNTIF('Data R2'!N48,">0")+COUNTIF('Data R2'!P48,">0")+COUNTIF('Data R2'!R48,">0")+COUNTIF('Data R2'!T48,">0")+COUNTIF('Data R2'!V48,">0")+COUNTIF('Data R2'!X48,">0")) | J1044: =IF('Data R2'!C48="","",IF((COUNTIF('Data R2'!K48,">0")+COUNTIF('Data R2'!M48,">0")+COUNTIF('Data R2'!O48,">0")+COUNTIF('Data R2'!Q48,">0")+COUNTIF('Data R2'!S48,">0")+COUNTIF('Data R2'!U48,">0")+COUNTIF('Data R2'!W48,">0")+COUNTIF('Data R2'!Y48,">0"))>0,1,0)) | L1044: Pak Edi Sigit Sutarta; Pak Iput Pradiko; Buk Nuzul Hijri; Pak Prast | M1044: Data R
A1045: Regional 2 | B1045: =IF('Data R2'!C49="","",'Data R2'!B49) | C1045: =IF('Data R2'!C49="","",'Data R2'!C49) | D1045: =IF('Data R2'!C49="","",'Data R2'!D49) | E1045: =IF('Data R2'!C49="","",'Data R2'!E49) | F1045: =IF('Data R2'!C49="","",'Data R2'!F49) | G1045: =IF('Data R2'!C49="","",'Data R2'!AD49) | H1045: =IF('Data R2'!C49="","",'Data R2'!AC49) | I1045: =IF('Data R2'!C49="","",COUNTIF('Data R2'!J49,">0")+COUNTIF('Data R2'!L49,">0")+COUNTIF('Data R2'!N49,">0")+COUNTIF('Data R2'!P49,">0")+COUNTIF('Data R2'!R49,">0")+COUNTIF('Data R2'!T49,">0")+COUNTIF('Data R2'!V49,">0")+COUNTIF('Data R2'!X49,">0")) | J1045: =IF('Data R2'!C49="","",IF((COUNTIF('Data R2'!K49,">0")+COUNTIF('Data R2'!M49,">0")+COUNTIF('Data R2'!O49,">0")+COUNTIF('Data R2'!Q49,">0")+COUNTIF('Data R2'!S49,">0")+COUNTIF('Data R2'!U49,">0")+COUNTIF('Data R2'!W49,">0")+COUNTIF('Data R2'!Y49,">0"))>0,1,0)) | L1045: Pak Edi Sigit Sutarta; Pak Iput Pradiko; Buk Nuzul Hijri; Pak Prast | M1045: Data R
A1046: Regional 2 | B1046: =IF('Data R2'!C50="","",'Data R2'!B50) | C1046: =IF('Data R2'!C50="","",'Data R2'!C50) | D1046: =IF('Data R2'!C50="","",'Data R2'!D50) | E1046: =IF('Data R2'!C50="","",'Data R2'!E50) | F1046: =IF('Data R2'!C50="","",'Data R2'!F50) | G1046: =IF('Data R2'!C50="","",'Data R2'!AD50) | H1046: =IF('Data R2'!C50="","",'Data R2'!AC50) | I1046: =IF('Data R2'!C50="","",COUNTIF('Data R2'!J50,">0")+COUNTIF('Data R2'!L50,">0")+COUNTIF('Data R2'!N50,">0")+COUNTIF('Data R2'!P50,">0")+COUNTIF('Data R2'!R50,">0")+COUNTIF('Data R2'!T50,">0")+COUNTIF('Data R2'!V50,">0")+COUNTIF('Data R2'!X50,">0")) | J1046: =IF('Data R2'!C50="","",IF((COUNTIF('Data R2'!K50,">0")+COUNTIF('Data R2'!M50,">0")+COUNTIF('Data R2'!O50,">0")+COUNTIF('Data R2'!Q50,">0")+COUNTIF('Data R2'!S50,">0")+COUNTIF('Data R2'!U50,">0")+COUNTIF('Data R2'!W50,">0")+COUNTIF('Data R2'!Y50,">0"))>0,1,0)) | K1046: Produksi / Kultur Teknis | L1046: Pak Edi Sigit Sutarta; Pak Iput Pradiko | M1046: Data R
A1047: Regional 2 | B1047: =IF('Data R2'!C51="","",'Data R2'!B51) | C1047: =IF('Data R2'!C51="","",'Data R2'!C51) | D1047: =IF('Data R2'!C51="","",'Data R2'!D51) | E1047: =IF('Data R2'!C51="","",'Data R2'!E51) | F1047: =IF('Data R2'!C51="","",'Data R2'!F51) | G1047: =IF('Data R2'!C51="","",'Data R2'!AD51) | H1047: =IF('Data R2'!C51="","",'Data R2'!AC51) | I1047: =IF('Data R2'!C51="","",COUNTIF('Data R2'!J51,">0")+COUNTIF('Data R2'!L51,">0")+COUNTIF('Data R2'!N51,">0")+COUNTIF('Data R2'!P51,">0")+COUNTIF('Data R2'!R51,">0")+COUNTIF('Data R2'!T51,">0")+COUNTIF('Data R2'!V51,">0")+COUNTIF('Data R2'!X51,">0")) | J1047: =IF('Data R2'!C51="","",IF((COUNTIF('Data R2'!K51,">0")+COUNTIF('Data R2'!M51,">0")+COUNTIF('Data R2'!O51,">0")+COUNTIF('Data R2'!Q51,">0")+COUNTIF('Data R2'!S51,">0")+COUNTIF('Data R2'!U51,">0")+COUNTIF('Data R2'!W51,">0")+COUNTIF('Data R2'!Y51,">0"))>0,1,0)) | K1047: Produksi / Kultur Teknis | L1047: Pak Edi Sigit Sutarta; Pak Iput Pradiko | M1047: Data R
A1048: Regional 2 | B1048: =IF('Data R2'!C52="","",'Data R2'!B52) | C1048: =IF('Data R2'!C52="","",'Data R2'!C52) | D1048: =IF('Data R2'!C52="","",'Data R2'!D52) | E1048: =IF('Data R2'!C52="","",'Data R2'!E52) | F1048: =IF('Data R2'!C52="","",'Data R2'!F52) | G1048: =IF('Data R2'!C52="","",'Data R2'!AD52) | H1048: =IF('Data R2'!C52="","",'Data R2'!AC52) | I1048: =IF('Data R2'!C52="","",COUNTIF('Data R2'!J52,">0")+COUNTIF('Data R2'!L52,">0")+COUNTIF('Data R2'!N52,">0")+COUNTIF('Data R2'!P52,">0")+COUNTIF('Data R2'!R52,">0")+COUNTIF('Data R2'!T52,">0")+COUNTIF('Data R2'!V52,">0")+COUNTIF('Data R2'!X52,">0")) | J1048: =IF('Data R2'!C52="","",IF((COUNTIF('Data R2'!K52,">0")+COUNTIF('Data R2'!M52,">0")+COUNTIF('Data R2'!O52,">0")+COUNTIF('Data R2'!Q52,">0")+COUNTIF('Data R2'!S52,">0")+COUNTIF('Data R2'!U52,">0")+COUNTIF('Data R2'!W52,">0")+COUNTIF('Data R2'!Y52,">0"))>0,1,0)) | L1048: Pak Edi Sigit Sutarta; Pak Iput Pradiko | M1048: Data R
A1049: Regional 2 | B1049: =IF('Data R2'!C53="","",'Data R2'!B53) | C1049: =IF('Data R2'!C53="","",'Data R2'!C53) | D1049: =IF('Data R2'!C53="","",'Data R2'!D53) | E1049: =IF('Data R2'!C53="","",'Data R2'!E53) | F1049: =IF('Data R2'!C53="","",'Data R2'!F53) | G1049: =IF('Data R2'!C53="","",'Data R2'!AD53) | H1049: =IF('Data R2'!C53="","",'Data R2'!AC53) | I1049: =IF('Data R2'!C53="","",COUNTIF('Data R2'!J53,">0")+COUNTIF('Data R2'!L53,">0")+COUNTIF('Data R2'!N53,">0")+COUNTIF('Data R2'!P53,">0")+COUNTIF('Data R2'!R53,">0")+COUNTIF('Data R2'!T53,">0")+COUNTIF('Data R2'!V53,">0")+COUNTIF('Data R2'!X53,">0")) | J1049: =IF('Data R2'!C53="","",IF((COUNTIF('Data R2'!K53,">0")+COUNTIF('Data R2'!M53,">0")+COUNTIF('Data R2'!O53,">0")+COUNTIF('Data R2'!Q53,">0")+COUNTIF('Data R2'!S53,">0")+COUNTIF('Data R2'!U53,">0")+COUNTIF('Data R2'!W53,">0")+COUNTIF('Data R2'!Y53,">0"))>0,1,0)) | L1049: Pak Edi Sigit Sutarta; Pak Iput Pradiko | M1049: Data R
A1050: Regional 2 | B1050: =IF('Data R2'!C54="","",'Data R2'!B54) | C1050: =IF('Data R2'!C54="","",'Data R2'!C54) | D1050: =IF('Data R2'!C54="","",'Data R2'!D54) | E1050: =IF('Data R2'!C54="","",'Data R2'!E54) | F1050: =IF('Data R2'!C54="","",'Data R2'!F54) | G1050: =IF('Data R2'!C54="","",'Data R2'!AD54) | H1050: =IF('Data R2'!C54="","",'Data R2'!AC54) | I1050: =IF('Data R2'!C54="","",COUNTIF('Data R2'!J54,">0")+COUNTIF('Data R2'!L54,">0")+COUNTIF('Data R2'!N54,">0")+COUNTIF('Data R2'!P54,">0")+COUNTIF('Data R2'!R54,">0")+COUNTIF('Data R2'!T54,">0")+COUNTIF('Data R2'!V54,">0")+COUNTIF('Data R2'!X54,">0")) | J1050: =IF('Data R2'!C54="","",IF((COUNTIF('Data R2'!K54,">0")+COUNTIF('Data R2'!M54,">0")+COUNTIF('Data R2'!O54,">0")+COUNTIF('Data R2'!Q54,">0")+COUNTIF('Data R2'!S54,">0")+COUNTIF('Data R2'!U54,">0")+COUNTIF('Data R2'!W54,">0")+COUNTIF('Data R2'!Y54,">0"))>0,1,0)) | L1050: Pak Edi Sigit Sutarta; Pak Iput Pradiko | M1050: Data R
A1051: Regional 2 | B1051: =IF('Data R2'!C55="","",'Data R2'!B55) | C1051: =IF('Data R2'!C55="","",'Data R2'!C55) | D1051: =IF('Data R2'!C55="","",'Data R2'!D55) | E1051: =IF('Data R2'!C55="","",'Data R2'!E55) | F1051: =IF('Data R2'!C55="","",'Data R2'!F55) | G1051: =IF('Data R2'!C55="","",'Data R2'!AD55) | H1051: =IF('Data R2'!C55="","",'Data R2'!AC55) | I1051: =IF('Data R2'!C55="","",COUNTIF('Data R2'!J55,">0")+COUNTIF('Data R2'!L55,">0")+COUNTIF('Data R2'!N55,">0")+COUNTIF('Data R2'!P55,">0")+COUNTIF('Data R2'!R55,">0")+COUNTIF('Data R2'!T55,">0")+COUNTIF('Data R2'!V55,">0")+COUNTIF('Data R2'!X55,">0")) | J1051: =IF('Data R2'!C55="","",IF((COUNTIF('Data R2'!K55,">0")+COUNTIF('Data R2'!M55,">0")+COUNTIF('Data R2'!O55,">0")+COUNTIF('Data R2'!Q55,">0")+COUNTIF('Data R2'!S55,">0")+COUNTIF('Data R2'!U55,">0")+COUNTIF('Data R2'!W55,">0")+COUNTIF('Data R2'!Y55,">0"))>0,1,0)) | L1051: Pak Edi Sigit Sutarta; Pak Iput Pradiko | M1051: Data R
A1052: Regional 2 | B1052: =IF('Data R2'!C56="","",'Data R2'!B56) | C1052: =IF('Data R2'!C56="","",'Data R2'!C56) | D1052: =IF('Data R2'!C56="","",'Data R2'!D56) | E1052: =IF('Data R2'!C56="","",'Data R2'!E56) | F1052: =IF('Data R2'!C56="","",'Data R2'!F56) | G1052: =IF('Data R2'!C56="","",'Data R2'!AD56) | H1052: =IF('Data R2'!C56="","",'Data R2'!AC56) | I1052: =IF('Data R2'!C56="","",COUNTIF('Data R2'!J56,">0")+COUNTIF('Data R2'!L56,">0")+COUNTIF('Data R2'!N56,">0")+COUNTIF('Data R2'!P56,">0")+COUNTIF('Data R2'!R56,">0")+COUNTIF('Data R2'!T56,">0")+COUNTIF('Data R2'!V56,">0")+COUNTIF('Data R2'!X56,">0")) | J1052: =IF('Data R2'!C56="","",IF((COUNTIF('Data R2'!K56,">0")+COUNTIF('Data R2'!M56,">0")+COUNTIF('Data R2'!O56,">0")+COUNTIF('Data R2'!Q56,">0")+COUNTIF('Data R2'!S56,">0")+COUNTIF('Data R2'!U56,">0")+COUNTIF('Data R2'!W56,">0")+COUNTIF('Data R2'!Y56,">0"))>0,1,0)) | L1052: Pak Edi Sigit Sutarta; Pak Iput Pradiko | M1052: Data R
A1053: Regional 2 | B1053: =IF('Data R2'!C57="","",'Data R2'!B57) | C1053: =IF('Data R2'!C57="","",'Data R2'!C57) | D1053: =IF('Data R2'!C57="","",'Data R2'!D57) | E1053: =IF('Data R2'!C57="","",'Data R2'!E57) | F1053: =IF('Data R2'!C57="","",'Data R2'!F57) | G1053: =IF('Data R2'!C57="","",'Data R2'!AD57) | H1053: =IF('Data R2'!C57="","",'Data R2'!AC57) | I1053: =IF('Data R2'!C57="","",COUNTIF('Data R2'!J57,">0")+COUNTIF('Data R2'!L57,">0")+COUNTIF('Data R2'!N57,">0")+COUNTIF('Data R2'!P57,">0")+COUNTIF('Data R2'!R57,">0")+COUNTIF('Data R2'!T57,">0")+COUNTIF('Data R2'!V57,">0")+COUNTIF('Data R2'!X57,">0")) | J1053: =IF('Data R2'!C57="","",IF((COUNTIF('Data R2'!K57,">0")+COUNTIF('Data R2'!M57,">0")+COUNTIF('Data R2'!O57,">0")+COUNTIF('Data R2'!Q57,">0")+COUNTIF('Data R2'!S57,">0")+COUNTIF('Data R2'!U57,">0")+COUNTIF('Data R2'!W57,">0")+COUNTIF('Data R2'!Y57,">0"))>0,1,0)) | K1053: Produksi / Kultur Teknis | M1053: Data R
A1054: Regional 2 | B1054: =IF('Data R2'!C58="","",'Data R2'!B58) | C1054: =IF('Data R2'!C58="","",'Data R2'!C58) | D1054: =IF('Data R2'!C58="","",'Data R2'!D58) | E1054: =IF('Data R2'!C58="","",'Data R2'!E58) | F1054: =IF('Data R2'!C58="","",'Data R2'!F58) | G1054: =IF('Data R2'!C58="","",'Data R2'!AD58) | H1054: =IF('Data R2'!C58="","",'Data R2'!AC58) | I1054: =IF('Data R2'!C58="","",COUNTIF('Data R2'!J58,">0")+COUNTIF('Data R2'!L58,">0")+COUNTIF('Data R2'!N58,">0")+COUNTIF('Data R2'!P58,">0")+COUNTIF('Data R2'!R58,">0")+COUNTIF('Data R2'!T58,">0")+COUNTIF('Data R2'!V58,">0")+COUNTIF('Data R2'!X58,">0")) | J1054: =IF('Data R2'!C58="","",IF((COUNTIF('Data R2'!K58,">0")+COUNTIF('Data R2'!M58,">0")+COUNTIF('Data R2'!O58,">0")+COUNTIF('Data R2'!Q58,">0")+COUNTIF('Data R2'!S58,">0")+COUNTIF('Data R2'!U58,">0")+COUNTIF('Data R2'!W58,">0")+COUNTIF('Data R2'!Y58,">0"))>0,1,0)) | K1054: Tanam Ulang / Program TU | M1054: Data R
A1055: Regional 2 | B1055: =IF('Data R2'!C59="","",'Data R2'!B59) | C1055: =IF('Data R2'!C59="","",'Data R2'!C59) | D1055: =IF('Data R2'!C59="","",'Data R2'!D59) | E1055: =IF('Data R2'!C59="","",'Data R2'!E59) | F1055: =IF('Data R2'!C59="","",'Data R2'!F59) | G1055: =IF('Data R2'!C59="","",'Data R2'!AD59) | H1055: =IF('Data R2'!C59="","",'Data R2'!AC59) | I1055: =IF('Data R2'!C59="","",COUNTIF('Data R2'!J59,">0")+COUNTIF('Data R2'!L59,">0")+COUNTIF('Data R2'!N59,">0")+COUNTIF('Data R2'!P59,">0")+COUNTIF('Data R2'!R59,">0")+COUNTIF('Data R2'!T59,">0")+COUNTIF('Data R2'!V59,">0")+COUNTIF('Data R2'!X59,">0")) | J1055: =IF('Data R2'!C59="","",IF((COUNTIF('Data R2'!K59,">0")+COUNTIF('Data R2'!M59,">0")+COUNTIF('Data R2'!O59,">0")+COUNTIF('Data R2'!Q59,">0")+COUNTIF('Data R2'!S59,">0")+COUNTIF('Data R2'!U59,">0")+COUNTIF('Data R2'!W59,">0")+COUNTIF('Data R2'!Y59,">0"))>0,1,0)) | M1055: Data R
...

Sheet RINGKASAN
A1: MONITORING LAPORAN BANTUAN TEKNIS
A2: Urusan Pelayanan Jasa Konsultansi dan Pelatihan (otomatis ter-update s.d 1000 baris/sheet)
A4: STATISTIK KESELURUHAN
A5: Total Data: | B5: Sudah Dikirim: | C5: Masih Proses:
A6: =COUNTA('Data R1'!$C$4:$C$1001)+COUNTA('Data R2'!$C$4:$C$1001)+COUNTA('Data R3'!$C$4:$C$1001)+COUNTA('Data R4'!$C$4:$C$1001)+COUNTA('Data R5'!$C$4:$C$1001)+COUNTA('Data R6'!$C$4:$C$1001)+COUNTA('Data R7'!$C$4:$C$1001)+COUNTA('Data R4P'!$C$4:$C$1001)+COUNTA('Data SW'!$C$4:$C$1001) | B6: =COUNTIF('Data R1'!$AC$4:$AC$1001,"SELESAI")+COUNTIF('Data R2'!$AC$4:$AC$1001,"SELESAI")+COUNTIF('Data R3'!$AC$4:$AC$1001,"SELESAI")+COUNTIF('Data R4'!$AC$4:$AC$1001,"SELESAI")+COUNTIF('Data R5'!$AC$4:$AC$1001,"SELESAI")+COUNTIF('Data R6'!$AC$4:$AC$1001,"SELESAI")+COUNTIF('Data R7'!$AC$4:$AC$1001,"SELESAI")+COUNTIF('Data R4P'!$AC$4:$AC$1001,"SELESAI")+COUNTIF('Data SW'!$AC$4:$AC$1001,"SELESAI") | C6: =COUNTIF('Data R1'!$AC$4:$AC$1001,"PROSES")+COUNTIF('Data R2'!$AC$4:$AC$1001,"PROSES")+COUNTIF('Data R3'!$AC$4:$AC$1001,"PROSES")+COUNTIF('Data R4'!$AC$4:$AC$1001,"PROSES")+COUNTIF('Data R5'!$AC$4:$AC$1001,"PROSES")+COUNTIF('Data R6'!$AC$4:$AC$1001,"PROSES")+COUNTIF('Data R7'!$AC$4:$AC$1001,"PROSES")+COUNTIF('Data R4P'!$AC$4:$AC$1001,"PROSES")+COUNTIF('Data SW'!$AC$4:$AC$1001,"PROSES")
A8: % Selesai: | B8: =IF((COUNTA('Data R1'!$C$4:$C$1001)+COUNTA('Data R2'!$C$4:$C$1001)+COUNTA('Data R3'!$C$4:$C$1001)+COUNTA('Data R4'!$C$4:$C$1001)+COUNTA('Data R5'!$C$4:$C$1001)+COUNTA('Data R6'!$C$4:$C$1001)+COUNTA('Data R7'!$C$4:$C$1001)+COUNTA('Data R4P'!$C$4:$C$1001)+COUNTA('Data SW'!$C$4:$C$1001))=0,0,ROUND((COUNTIF('Data R1'!$AC$4:$AC$1001,"SELESAI")+COUNTIF('Data R2'!$AC$4:$AC$1001,"SELESAI")+COUNTIF('Data R3'!$AC$4:$AC$1001,"SELESAI")+COUNTIF('Data R4'!$AC$4:$AC$1001,"SELESAI")+COUNTIF('Data R5'!$AC$4:$AC$1001,"SELESAI")+COUNTIF('Data R6'!$AC$4:$AC$1001,"SELESAI")+COUNTIF('Data R7'!$AC$4:$AC$1001,"SELESAI")+COUNTIF('Data R4P'!$AC$4:$AC$1001,"SELESAI")+COUNTIF('Data SW'!$AC$4:$AC$1001,"SELESAI"))/(COUNTA('Data R1'!$C$4:$C$1001)+COUNTA('Data R2'!$C$4:$C$1001)+COUNTA('Data R3'!$C$4:$C$1001)+COUNTA('Data R4'!$C$4:$C$1001)+COUNTA('Data R5'!$C$4:$C$1001)+COUNTA('Data R6'!$C$4:$C$1001)+COUNTA('Data R7'!$C$4:$C$1001)+COUNTA('Data R4P'!$C$4:$C$1001)+COUNTA('Data SW'!$C$4:$C$1001))*100,0)) | C8: %
A10: RINGKASAN PER REGIONAL (otomatis)
A11: Regional | B11: Total | C11: Draft Masuk | D11: Dikoreksi | E11: Direvisi | F11: Dicetak | G11: Sudah Dikirim | H11: % Selesai | I11: Sheet
A12: Regional 1 | B12: =COUNTA('Data R1'!$C$4:$C$1001) | C12: =COUNTIF('Data R1'!$G$4:$G$1001,"<>") | D12: =COUNTIF('Data R1'!$J$4:$J$1001,"<>") | E12: =COUNTIF('Data R1'!$Z$4:$Z$1001,"<>") | F12: =COUNTIF('Data R1'!$AA$4:$AA$1001,"<>") | G12: =COUNTIF('Data R1'!$AB$4:$AB$1001,"<>") | H12: =IF(COUNTA('Data R1'!$C$4:$C$1001)=0,0,ROUND(COUNTIF('Data R1'!$AB$4:$AB$1001,"<>")/COUNTA('Data R1'!$C$4:$C$1001)*100,0)) | I12: Data R1
A13: Regional 2 | B13: =COUNTA('Data R2'!$C$4:$C$1001) | C13: =COUNTIF('Data R2'!$G$4:$G$1001,"<>") | D13: =COUNTIF('Data R2'!$J$4:$J$1001,"<>") | E13: =COUNTIF('Data R2'!$Z$4:$Z$1001,"<>") | F13: =COUNTIF('Data R2'!$AA$4:$AA$1001,"<>") | G13: =COUNTIF('Data R2'!$AB$4:$AB$1001,"<>") | H13: =IF(COUNTA('Data R2'!$C$4:$C$1001)=0,0,ROUND(COUNTIF('Data R2'!$AB$4:$AB$1001,"<>")/COUNTA('Data R2'!$C$4:$C$1001)*100,0)) | I13: Data R2
A14: Regional 3 | B14: =COUNTA('Data R3'!$C$4:$C$1001) | C14: =COUNTIF('Data R3'!$G$4:$G$1001,"<>") | D14: =COUNTIF('Data R3'!$J$4:$J$1001,"<>") | E14: =COUNTIF('Data R3'!$Z$4:$Z$1001,"<>") | F14: =COUNTIF('Data R3'!$AA$4:$AA$1001,"<>") | G14: =COUNTIF('Data R3'!$AB$4:$AB$1001,"<>") | H14: =IF(COUNTA('Data R3'!$C$4:$C$1001)=0,0,ROUND(COUNTIF('Data R3'!$AB$4:$AB$1001,"<>")/COUNTA('Data R3'!$C$4:$C$1001)*100,0)) | I14: Data R3
A15: Regional 4 | B15: =COUNTA('Data R4'!$C$4:$C$1001) | C15: =COUNTIF('Data R4'!$G$4:$G$1001,"<>") | D15: =COUNTIF('Data R4'!$J$4:$J$1001,"<>") | E15: =COUNTIF('Data R4'!$Z$4:$Z$1001,"<>") | F15: =COUNTIF('Data R4'!$AA$4:$AA$1001,"<>") | G15: =COUNTIF('Data R4'!$AB$4:$AB$1001,"<>") | H15: =IF(COUNTA('Data R4'!$C$4:$C$1001)=0,0,ROUND(COUNTIF('Data R4'!$AB$4:$AB$1001,"<>")/COUNTA('Data R4'!$C$4:$C$1001)*100,0)) | I15: Data R4
A16: Regional 5 | B16: =COUNTA('Data R5'!$C$4:$C$1001) | C16: =COUNTIF('Data R5'!$G$4:$G$1001,"<>") | D16: =COUNTIF('Data R5'!$J$4:$J$1001,"<>") | E16: =COUNTIF('Data R5'!$Z$4:$Z$1001,"<>") | F16: =COUNTIF('Data R5'!$AA$4:$AA$1001,"<>") | G16: =COUNTIF('Data R5'!$AB$4:$AB$1001,"<>") | H16: =IF(COUNTA('Data R5'!$C$4:$C$1001)=0,0,ROUND(COUNTIF('Data R5'!$AB$4:$AB$1001,"<>")/COUNTA('Data R5'!$C$4:$C$1001)*100,0)) | I16: Data R5
A17: Regional 6 | B17: =COUNTA('Data R6'!$C$4:$C$1001) | C17: =COUNTIF('Data R6'!$G$4:$G$1001,"<>") | D17: =COUNTIF('Data R6'!$J$4:$J$1001,"<>") | E17: =COUNTIF('Data R6'!$Z$4:$Z$1001,"<>") | F17: =COUNTIF('Data R6'!$AA$4:$AA$1001,"<>") | G17: =COUNTIF('Data R6'!$AB$4:$AB$1001,"<>") | H17: =IF(COUNTA('Data R6'!$C$4:$C$1001)=0,0,ROUND(COUNTIF('Data R6'!$AB$4:$AB$1001,"<>")/COUNTA('Data R6'!$C$4:$C$1001)*100,0)) | I17: Data R6
A18: Regional 7 | B18: =COUNTA('Data R7'!$C$4:$C$1001) | C18: =COUNTIF('Data R7'!$G$4:$G$1001,"<>") | D18: =COUNTIF('Data R7'!$J$4:$J$1001,"<>") | E18: =COUNTIF('Data R7'!$Z$4:$Z$1001,"<>") | F18: =COUNTIF('Data R7'!$AA$4:$AA$1001,"<>") | G18: =COUNTIF('Data R7'!$AB$4:$AB$1001,"<>") | H18: =IF(COUNTA('Data R7'!$C$4:$C$1001)=0,0,ROUND(COUNTIF('Data R7'!$AB$4:$AB$1001,"<>")/COUNTA('Data R7'!$C$4:$C$1001)*100,0)) | I18: Data R7
A19: Regional 4 Palmco | B19: =COUNTA('Data R4P'!$C$4:$C$1001) | C19: =COUNTIF('Data R4P'!$G$4:$G$1001,"<>") | D19: =COUNTIF('Data R4P'!$J$4:$J$1001,"<>") | E19: =COUNTIF('Data R4P'!$Z$4:$Z$1001,"<>") | F19: =COUNTIF('Data R4P'!$AA$4:$AA$1001,"<>") | G19: =COUNTIF('Data R4P'!$AB$4:$AB$1001,"<>") | H19: =IF(COUNTA('Data R4P'!$C$4:$C$1001)=0,0,ROUND(COUNTIF('Data R4P'!$AB$4:$AB$1001,"<>")/COUNTA('Data R4P'!$C$4:$C$1001)*100,0)) | I19: Data R4P
A20: Swasta/PPKS | B20: =COUNTA('Data SW'!$C$4:$C$1001) | C20: =COUNTIF('Data SW'!$G$4:$G$1001,"<>") | D20: =COUNTIF('Data SW'!$J$4:$J$1001,"<>") | E20: =COUNTIF('Data SW'!$Z$4:$Z$1001,"<>") | F20: =COUNTIF('Data SW'!$AA$4:$AA$1001,"<>") | G20: =COUNTIF('Data SW'!$AB$4:$AB$1001,"<>") | H20: =IF(COUNTA('Data SW'!$C$4:$C$1001)=0,0,ROUND(COUNTIF('Data SW'!$AB$4:$AB$1001,"<>")/COUNTA('Data SW'!$C$4:$C$1001)*100,0)) | I20: Data SW
A21: TOTAL | B21: =COUNTA('Data R1'!$C$4:$C$1001)+COUNTA('Data R2'!$C$4:$C$1001)+COUNTA('Data R3'!$C$4:$C$1001)+COUNTA('Data R4'!$C$4:$C$1001)+COUNTA('Data R5'!$C$4:$C$1001)+COUNTA('Data R6'!$C$4:$C$1001)+COUNTA('Data R7'!$C$4:$C$1001)+COUNTA('Data R4P'!$C$4:$C$1001)+COUNTA('Data SW'!$C$4:$C$1001) | C21: =COUNTIF('Data R1'!$G$4:$G$1001,"<>")+COUNTIF('Data R2'!$G$4:$G$1001,"<>")+COUNTIF('Data R3'!$G$4:$G$1001,"<>")+COUNTIF('Data R4'!$G$4:$G$1001,"<>")+COUNTIF('Data R5'!$G$4:$G$1001,"<>")+COUNTIF('Data R6'!$G$4:$G$1001,"<>")+COUNTIF('Data R7'!$G$4:$G$1001,"<>")+COUNTIF('Data R4P'!$G$4:$G$1001,"<>")+COUNTIF('Data SW'!$G$4:$G$1001,"<>") | D21: =COUNTIF('Data R1'!$J$4:$J$1001,"<>")+COUNTIF('Data R2'!$J$4:$J$1001,"<>")+COUNTIF('Data R3'!$J$4:$J$1001,"<>")+COUNTIF('Data R4'!$J$4:$J$1001,"<>")+COUNTIF('Data R5'!$J$4:$J$1001,"<>")+COUNTIF('Data R6'!$J$4:$J$1001,"<>")+COUNTIF('Data R7'!$J$4:$J$1001,"<>")+COUNTIF('Data R4P'!$J$4:$J$1001,"<>")+COUNTIF('Data SW'!$J$4:$J$1001,"<>") | E21: =COUNTIF('Data R1'!$Z$4:$Z$1001,"<>")+COUNTIF('Data R2'!$Z$4:$Z$1001,"<>")+COUNTIF('Data R3'!$Z$4:$Z$1001,"<>")+COUNTIF('Data R4'!$Z$4:$Z$1001,"<>")+COUNTIF('Data R5'!$Z$4:$Z$1001,"<>")+COUNTIF('Data R6'!$Z$4:$Z$1001,"<>")+COUNTIF('Data R7'!$Z$4:$Z$1001,"<>")+COUNTIF('Data R4P'!$Z$4:$Z$1001,"<>")+COUNTIF('Data SW'!$Z$4:$Z$1001,"<>") | F21: =COUNTIF('Data R1'!$AA$4:$AA$1001,"<>")+COUNTIF('Data R2'!$AA$4:$AA$1001,"<>")+COUNTIF('Data R3'!$AA$4:$AA$1001,"<>")+COUNTIF('Data R4'!$AA$4:$AA$1001,"<>")+COUNTIF('Data R5'!$AA$4:$AA$1001,"<>")+COUNTIF('Data R6'!$AA$4:$AA$1001,"<>")+COUNTIF('Data R7'!$AA$4:$AA$1001,"<>")+COUNTIF('Data R4P'!$AA$4:$AA$1001,"<>")+COUNTIF('Data SW'!$AA$4:$AA$1001,"<>") | G21: =COUNTIF('Data R1'!$AB$4:$AB$1001,"<>")+COUNTIF('Data R2'!$AB$4:$AB$1001,"<>")+COUNTIF('Data R3'!$AB$4:$AB$1001,"<>")+COUNTIF('Data R4'!$AB$4:$AB$1001,"<>")+COUNTIF('Data R5'!$AB$4:$AB$1001,"<>")+COUNTIF('Data R6'!$AB$4:$AB$1001,"<>")+COUNTIF('Data R7'!$AB$4:$AB$1001,"<>")+COUNTIF('Data R4P'!$AB$4:$AB$1001,"<>")+COUNTIF('Data SW'!$AB$4:$AB$1001,"<>") | H21: =IF((COUNTA('Data R1'!$C$4:$C$1001)+COUNTA('Data R2'!$C$4:$C$1001)+COUNTA('Data R3'!$C$4:$C$1001)+COUNTA('Data R4'!$C$4:$C$1001)+COUNTA('Data R5'!$C$4:$C$1001)+COUNTA('Data R6'!$C$4:$C$1001)+COUNTA('Data R7'!$C$4:$C$1001)+COUNTA('Data R4P'!$C$4:$C$1001)+COUNTA('Data SW'!$C$4:$C$1001))=0,0,ROUND((COUNTIF('Data R1'!$AB$4:$AB$1001,"<>")+COUNTIF('Data R2'!$AB$4:$AB$1001,"<>")+COUNTIF('Data R3'!$AB$4:$AB$1001,"<>")+COUNTIF('Data R4'!$AB$4:$AB$1001,"<>")+COUNTIF('Data R5'!$AB$4:$AB$1001,"<>")+COUNTIF('Data R6'!$AB$4:$AB$1001,"<>")+COUNTIF('Data R7'!$AB$4:$AB$1001,"<>")+COUNTIF('Data R4P'!$AB$4:$AB$1001,"<>")+COUNTIF('Data SW'!$AB$4:$AB$1001,"<>"))/(COUNTA('Data R1'!$C$4:$C$1001)+COUNTA('Data R2'!$C$4:$C$1001)+COUNTA('Data R3'!$C$4:$C$1001)+COUNTA('Data R4'!$C$4:$C$1001)+COUNTA('Data R5'!$C$4:$C$1001)+COUNTA('Data R6'!$C$4:$C$1001)+COUNTA('Data R7'!$C$4:$C$1001)+COUNTA('Data R4P'!$C$4:$C$1001)+COUNTA('Data SW'!$C$4:$C$1001))*100,0))
A23: RINGKASAN PER TAHUN (otomatis)
A24: Tahun | B24: Total | C24: Draft Masuk | D24: Dikoreksi | E24: Direvisi | F24: Dicetak | G24: Sudah Dikirim | H24: % Selesai
A25: 2024 | B25: =COUNTIFS('Data R1'!$C$4:$C$1001,"<>",'Data R1'!$AD$4:$AD$1001,$A25)+COUNTIFS('Data R2'!$C$4:$C$1001,"<>",'Data R2'!$AD$4:$AD$1001,$A25)+COUNTIFS('Data R3'!$C$4:$C$1001,"<>",'Data R3'!$AD$4:$AD$1001,$A25)+COUNTIFS('Data R4'!$C$4:$C$1001,"<>",'Data R4'!$AD$4:$AD$1001,$A25)+COUNTIFS('Data R5'!$C$4:$C$1001,"<>",'Data R5'!$AD$4:$AD$1001,$A25)+COUNTIFS('Data R6'!$C$4:$C$1001,"<>",'Data R6'!$AD$4:$AD$1001,$A25)+COUNTIFS('Data R7'!$C$4:$C$1001,"<>",'Data R7'!$AD$4:$AD$1001,$A25)+COUNTIFS('Data R4P'!$C$4:$C$1001,"<>",'Data R4P'!$AD$4:$AD$1001,$A25)+COUNTIFS('Data SW'!$C$4:$C$1001,"<>",'Data SW'!$AD$4:$AD$1001,$A25) | C25: =COUNTIFS('Data R1'!$G$4:$G$1001,"<>",'Data R1'!$AD$4:$AD$1001,$A25)+COUNTIFS('Data R2'!$G$4:$G$1001,"<>",'Data R2'!$AD$4:$AD$1001,$A25)+COUNTIFS('Data R3'!$G$4:$G$1001,"<>",'Data R3'!$AD$4:$AD$1001,$A25)+COUNTIFS('Data R4'!$G$4:$G$1001,"<>",'Data R4'!$AD$4:$AD$1001,$A25)+COUNTIFS('Data R5'!$G$4:$G$1001,"<>",'Data R5'!$AD$4:$AD$1001,$A25)+COUNTIFS('Data R6'!$G$4:$G$1001,"<>",'Data R6'!$AD$4:$AD$1001,$A25)+COUNTIFS('Data R7'!$G$4:$G$1001,"<>",'Data R7'!$AD$4:$AD$1001,$A25)+COUNTIFS('Data R4P'!$G$4:$G$1001,"<>",'Data R4P'!$AD$4:$AD$1001,$A25)+COUNTIFS('Data SW'!$G$4:$G$1001,"<>",'Data SW'!$AD$4:$AD$1001,$A25) | D25: =COUNTIFS('Data R1'!$J$4:$J$1001,"<>",'Data R1'!$AD$4:$AD$1001,$A25)+COUNTIFS('Data R2'!$J$4:$J$1001,"<>",'Data R2'!$AD$4:$AD$1001,$A25)+COUNTIFS('Data R3'!$J$4:$J$1001,"<>",'Data R3'!$AD$4:$AD$1001,$A25)+COUNTIFS('Data R4'!$J$4:$J$1001,"<>",'Data R4'!$AD$4:$AD$1001,$A25)+COUNTIFS('Data R5'!$J$4:$J$1001,"<>",'Data R5'!$AD$4:$AD$1001,$A25)+COUNTIFS('Data R6'!$J$4:$J$1001,"<>",'Data R6'!$AD$4:$AD$1001,$A25)+COUNTIFS('Data R7'!$J$4:$J$1001,"<>",'Data R7'!$AD$4:$AD$1001,$A25)+COUNTIFS('Data R4P'!$J$4:$J$1001,"<>",'Data R4P'!$AD$4:$AD$1001,$A25)+COUNTIFS('Data SW'!$J$4:$J$1001,"<>",'Data SW'!$AD$4:$AD$1001,$A25) | E25: =COUNTIFS('Data R1'!$Z$4:$Z$1001,"<>",'Data R1'!$AD$4:$AD$1001,$A25)+COUNTIFS('Data R2'!$Z$4:$Z$1001,"<>",'Data R2'!$AD$4:$AD$1001,$A25)+COUNTIFS('Data R3'!$Z$4:$Z$1001,"<>",'Data R3'!$AD$4:$AD$1001,$A25)+COUNTIFS('Data R4'!$Z$4:$Z$1001,"<>",'Data R4'!$AD$4:$AD$1001,$A25)+COUNTIFS('Data R5'!$Z$4:$Z$1001,"<>",'Data R5'!$AD$4:$AD$1001,$A25)+COUNTIFS('Data R6'!$Z$4:$Z$1001,"<>",'Data R6'!$AD$4:$AD$1001,$A25)+COUNTIFS('Data R7'!$Z$4:$Z$1001,"<>",'Data R7'!$AD$4:$AD$1001,$A25)+COUNTIFS('Data R4P'!$Z$4:$Z$1001,"<>",'Data R4P'!$AD$4:$AD$1001,$A25)+COUNTIFS('Data SW'!$Z$4:$Z$1001,"<>",'Data SW'!$AD$4:$AD$1001,$A25) | F25: =COUNTIFS('Data R1'!$AA$4:$AA$1001,"<>",'Data R1'!$AD$4:$AD$1001,$A25)+COUNTIFS('Data R2'!$AA$4:$AA$1001,"<>",'Data R2'!$AD$4:$AD$1001,$A25)+COUNTIFS('Data R3'!$AA$4:$AA$1001,"<>",'Data R3'!$AD$4:$AD$1001,$A25)+COUNTIFS('Data R4'!$AA$4:$AA$1001,"<>",'Data R4'!$AD$4:$AD$1001,$A25)+COUNTIFS('Data R5'!$AA$4:$AA$1001,"<>",'Data R5'!$AD$4:$AD$1001,$A25)+COUNTIFS('Data R6'!$AA$4:$AA$1001,"<>",'Data R6'!$AD$4:$AD$1001,$A25)+COUNTIFS('Data R7'!$AA$4:$AA$1001,"<>",'Data R7'!$AD$4:$AD$1001,$A25)+COUNTIFS('Data R4P'!$AA$4:$AA$1001,"<>",'Data R4P'!$AD$4:$AD$1001,$A25)+COUNTIFS('Data SW'!$AA$4:$AA$1001,"<>",'Data SW'!$AD$4:$AD$1001,$A25) | G25: =COUNTIFS('Data R1'!$AB$4:$AB$1001,"<>",'Data R1'!$AD$4:$AD$1001,$A25)+COUNTIFS('Data R2'!$AB$4:$AB$1001,"<>",'Data R2'!$AD$4:$AD$1001,$A25)+COUNTIFS('Data R3'!$AB$4:$AB$1001,"<>",'Data R3'!$AD$4:$AD$1001,$A25)+COUNTIFS('Data R4'!$AB$4:$AB$1001,"<>",'Data R4'!$AD$4:$AD$1001,$A25)+COUNTIFS('Data R5'!$AB$4:$AB$1001,"<>",'Data R5'!$AD$4:$AD$1001,$A25)+COUNTIFS('Data R6'!$AB$4:$AB$1001,"<>",'Data R6'!$AD$4:$AD$1001,$A25)+COUNTIFS('Data R7'!$AB$4:$AB$1001,"<>",'Data R7'!$AD$4:$AD$1001,$A25)+COUNTIFS('Data R4P'!$AB$4:$AB$1001,"<>",'Data R4P'!$AD$4:$AD$1001,$A25)+COUNTIFS('Data SW'!$AB$4:$AB$1001,"<>",'Data SW'!$AD$4:$AD$1001,$A25) | H25: =IF(B25=0,0,ROUND(G25/B25*100,0))
A26: 2025 | B26: =COUNTIFS('Data R1'!$C$4:$C$1001,"<>",'Data R1'!$AD$4:$AD$1001,$A26)+COUNTIFS('Data R2'!$C$4:$C$1001,"<>",'Data R2'!$AD$4:$AD$1001,$A26)+COUNTIFS('Data R3'!$C$4:$C$1001,"<>",'Data R3'!$AD$4:$AD$1001,$A26)+COUNTIFS('Data R4'!$C$4:$C$1001,"<>",'Data R4'!$AD$4:$AD$1001,$A26)+COUNTIFS('Data R5'!$C$4:$C$1001,"<>",'Data R5'!$AD$4:$AD$1001,$A26)+COUNTIFS('Data R6'!$C$4:$C$1001,"<>",'Data R6'!$AD$4:$AD$1001,$A26)+COUNTIFS('Data R7'!$C$4:$C$1001,"<>",'Data R7'!$AD$4:$AD$1001,$A26)+COUNTIFS('Data R4P'!$C$4:$C$1001,"<>",'Data R4P'!$AD$4:$AD$1001,$A26)+COUNTIFS('Data SW'!$C$4:$C$1001,"<>",'Data SW'!$AD$4:$AD$1001,$A26) | C26: =COUNTIFS('Data R1'!$G$4:$G$1001,"<>",'Data R1'!$AD$4:$AD$1001,$A26)+COUNTIFS('Data R2'!$G$4:$G$1001,"<>",'Data R2'!$AD$4:$AD$1001,$A26)+COUNTIFS('Data R3'!$G$4:$G$1001,"<>",'Data R3'!$AD$4:$AD$1001,$A26)+COUNTIFS('Data R4'!$G$4:$G$1001,"<>",'Data R4'!$AD$4:$AD$1001,$A26)+COUNTIFS('Data R5'!$G$4:$G$1001,"<>",'Data R5'!$AD$4:$AD$1001,$A26)+COUNTIFS('Data R6'!$G$4:$G$1001,"<>",'Data R6'!$AD$4:$AD$1001,$A26)+COUNTIFS('Data R7'!$G$4:$G$1001,"<>",'Data R7'!$AD$4:$AD$1001,$A26)+COUNTIFS('Data R4P'!$G$4:$G$1001,"<>",'Data R4P'!$AD$4:$AD$1001,$A26)+COUNTIFS('Data SW'!$G$4:$G$1001,"<>",'Data SW'!$AD$4:$AD$1001,$A26) | D26: =COUNTIFS('Data R1'!$J$4:$J$1001,"<>",'Data R1'!$AD$4:$AD$1001,$A26)+COUNTIFS('Data R2'!$J$4:$J$1001,"<>",'Data R2'!$AD$4:$AD$1001,$A26)+COUNTIFS('Data R3'!$J$4:$J$1001,"<>",'Data R3'!$AD$4:$AD$1001,$A26)+COUNTIFS('Data R4'!$J$4:$J$1001,"<>",'Data R4'!$AD$4:$AD$1001,$A26)+COUNTIFS('Data R5'!$J$4:$J$1001,"<>",'Data R5'!$AD$4:$AD$1001,$A26)+COUNTIFS('Data R6'!$J$4:$J$1001,"<>",'Data R6'!$AD$4:$AD$1001,$A26)+COUNTIFS('Data R7'!$J$4:$J$1001,"<>",'Data R7'!$AD$4:$AD$1001,$A26)+COUNTIFS('Data R4P'!$J$4:$J$1001,"<>",'Data R4P'!$AD$4:$AD$1001,$A26)+COUNTIFS('Data SW'!$J$4:$J$1001,"<>",'Data SW'!$AD$4:$AD$1001,$A26) | E26: =COUNTIFS('Data R1'!$Z$4:$Z$1001,"<>",'Data R1'!$AD$4:$AD$1001,$A26)+COUNTIFS('Data R2'!$Z$4:$Z$1001,"<>",'Data R2'!$AD$4:$AD$1001,$A26)+COUNTIFS('Data R3'!$Z$4:$Z$1001,"<>",'Data R3'!$AD$4:$AD$1001,$A26)+COUNTIFS('Data R4'!$Z$4:$Z$1001,"<>",'Data R4'!$AD$4:$AD$1001,$A26)+COUNTIFS('Data R5'!$Z$4:$Z$1001,"<>",'Data R5'!$AD$4:$AD$1001,$A26)+COUNTIFS('Data R6'!$Z$4:$Z$1001,"<>",'Data R6'!$AD$4:$AD$1001,$A26)+COUNTIFS('Data R7'!$Z$4:$Z$1001,"<>",'Data R7'!$AD$4:$AD$1001,$A26)+COUNTIFS('Data R4P'!$Z$4:$Z$1001,"<>",'Data R4P'!$AD$4:$AD$1001,$A26)+COUNTIFS('Data SW'!$Z$4:$Z$1001,"<>",'Data SW'!$AD$4:$AD$1001,$A26) | F26: =COUNTIFS('Data R1'!$AA$4:$AA$1001,"<>",'Data R1'!$AD$4:$AD$1001,$A26)+COUNTIFS('Data R2'!$AA$4:$AA$1001,"<>",'Data R2'!$AD$4:$AD$1001,$A26)+COUNTIFS('Data R3'!$AA$4:$AA$1001,"<>",'Data R3'!$AD$4:$AD$1001,$A26)+COUNTIFS('Data R4'!$AA$4:$AA$1001,"<>",'Data R4'!$AD$4:$AD$1001,$A26)+COUNTIFS('Data R5'!$AA$4:$AA$1001,"<>",'Data R5'!$AD$4:$AD$1001,$A26)+COUNTIFS('Data R6'!$AA$4:$AA$1001,"<>",'Data R6'!$AD$4:$AD$1001,$A26)+COUNTIFS('Data R7'!$AA$4:$AA$1001,"<>",'Data R7'!$AD$4:$AD$1001,$A26)+COUNTIFS('Data R4P'!$AA$4:$AA$1001,"<>",'Data R4P'!$AD$4:$AD$1001,$A26)+COUNTIFS('Data SW'!$AA$4:$AA$1001,"<>",'Data SW'!$AD$4:$AD$1001,$A26) | G26: =COUNTIFS('Data R1'!$AB$4:$AB$1001,"<>",'Data R1'!$AD$4:$AD$1001,$A26)+COUNTIFS('Data R2'!$AB$4:$AB$1001,"<>",'Data R2'!$AD$4:$AD$1001,$A26)+COUNTIFS('Data R3'!$AB$4:$AB$1001,"<>",'Data R3'!$AD$4:$AD$1001,$A26)+COUNTIFS('Data R4'!$AB$4:$AB$1001,"<>",'Data R4'!$AD$4:$AD$1001,$A26)+COUNTIFS('Data R5'!$AB$4:$AB$1001,"<>",'Data R5'!$AD$4:$AD$1001,$A26)+COUNTIFS('Data R6'!$AB$4:$AB$1001,"<>",'Data R6'!$AD$4:$AD$1001,$A26)+COUNTIFS('Data R7'!$AB$4:$AB$1001,"<>",'Data R7'!$AD$4:$AD$1001,$A26)+COUNTIFS('Data R4P'!$AB$4:$AB$1001,"<>",'Data R4P'!$AD$4:$AD$1001,$A26)+COUNTIFS('Data SW'!$AB$4:$AB$1001,"<>",'Data SW'!$AD$4:$AD$1001,$A26) | H26: =IF(B26=0,0,ROUND(G26/B26*100,0))
A27: 2026 | B27: =COUNTIFS('Data R1'!$C$4:$C$1001,"<>",'Data R1'!$AD$4:$AD$1001,$A27)+COUNTIFS('Data R2'!$C$4:$C$1001,"<>",'Data R2'!$AD$4:$AD$1001,$A27)+COUNTIFS('Data R3'!$C$4:$C$1001,"<>",'Data R3'!$AD$4:$AD$1001,$A27)+COUNTIFS('Data R4'!$C$4:$C$1001,"<>",'Data R4'!$AD$4:$AD$1001,$A27)+COUNTIFS('Data R5'!$C$4:$C$1001,"<>",'Data R5'!$AD$4:$AD$1001,$A27)+COUNTIFS('Data R6'!$C$4:$C$1001,"<>",'Data R6'!$AD$4:$AD$1001,$A27)+COUNTIFS('Data R7'!$C$4:$C$1001,"<>",'Data R7'!$AD$4:$AD$1001,$A27)+COUNTIFS('Data R4P'!$C$4:$C$1001,"<>",'Data R4P'!$AD$4:$AD$1001,$A27)+COUNTIFS('Data SW'!$C$4:$C$1001,"<>",'Data SW'!$AD$4:$AD$1001,$A27) | C27: =COUNTIFS('Data R1'!$G$4:$G$1001,"<>",'Data R1'!$AD$4:$AD$1001,$A27)+COUNTIFS('Data R2'!$G$4:$G$1001,"<>",'Data R2'!$AD$4:$AD$1001,$A27)+COUNTIFS('Data R3'!$G$4:$G$1001,"<>",'Data R3'!$AD$4:$AD$1001,$A27)+COUNTIFS('Data R4'!$G$4:$G$1001,"<>",'Data R4'!$AD$4:$AD$1001,$A27)+COUNTIFS('Data R5'!$G$4:$G$1001,"<>",'Data R5'!$AD$4:$AD$1001,$A27)+COUNTIFS('Data R6'!$G$4:$G$1001,"<>",'Data R6'!$AD$4:$AD$1001,$A27)+COUNTIFS('Data R7'!$G$4:$G$1001,"<>",'Data R7'!$AD$4:$AD$1001,$A27)+COUNTIFS('Data R4P'!$G$4:$G$1001,"<>",'Data R4P'!$AD$4:$AD$1001,$A27)+COUNTIFS('Data SW'!$G$4:$G$1001,"<>",'Data SW'!$AD$4:$AD$1001,$A27) | D27: =COUNTIFS('Data R1'!$J$4:$J$1001,"<>",'Data R1'!$AD$4:$AD$1001,$A27)+COUNTIFS('Data R2'!$J$4:$J$1001,"<>",'Data R2'!$AD$4:$AD$1001,$A27)+COUNTIFS('Data R3'!$J$4:$J$1001,"<>",'Data R3'!$AD$4:$AD$1001,$A27)+COUNTIFS('Data R4'!$J$4:$J$1001,"<>",'Data R4'!$AD$4:$AD$1001,$A27)+COUNTIFS('Data R5'!$J$4:$J$1001,"<>",'Data R5'!$AD$4:$AD$1001,$A27)+COUNTIFS('Data R6'!$J$4:$J$1001,"<>",'Data R6'!$AD$4:$AD$1001,$A27)+COUNTIFS('Data R7'!$J$4:$J$1001,"<>",'Data R7'!$AD$4:$AD$1001,$A27)+COUNTIFS('Data R4P'!$J$4:$J$1001,"<>",'Data R4P'!$AD$4:$AD$1001,$A27)+COUNTIFS('Data SW'!$J$4:$J$1001,"<>",'Data SW'!$AD$4:$AD$1001,$A27) | E27: =COUNTIFS('Data R1'!$Z$4:$Z$1001,"<>",'Data R1'!$AD$4:$AD$1001,$A27)+COUNTIFS('Data R2'!$Z$4:$Z$1001,"<>",'Data R2'!$AD$4:$AD$1001,$A27)+COUNTIFS('Data R3'!$Z$4:$Z$1001,"<>",'Data R3'!$AD$4:$AD$1001,$A27)+COUNTIFS('Data R4'!$Z$4:$Z$1001,"<>",'Data R4'!$AD$4:$AD$1001,$A27)+COUNTIFS('Data R5'!$Z$4:$Z$1001,"<>",'Data R5'!$AD$4:$AD$1001,$A27)+COUNTIFS('Data R6'!$Z$4:$Z$1001,"<>",'Data R6'!$AD$4:$AD$1001,$A27)+COUNTIFS('Data R7'!$Z$4:$Z$1001,"<>",'Data R7'!$AD$4:$AD$1001,$A27)+COUNTIFS('Data R4P'!$Z$4:$Z$1001,"<>",'Data R4P'!$AD$4:$AD$1001,$A27)+COUNTIFS('Data SW'!$Z$4:$Z$1001,"<>",'Data SW'!$AD$4:$AD$1001,$A27) | F27: =COUNTIFS('Data R1'!$AA$4:$AA$1001,"<>",'Data R1'!$AD$4:$AD$1001,$A27)+COUNTIFS('Data R2'!$AA$4:$AA$1001,"<>",'Data R2'!$AD$4:$AD$1001,$A27)+COUNTIFS('Data R3'!$AA$4:$AA$1001,"<>",'Data R3'!$AD$4:$AD$1001,$A27)+COUNTIFS('Data R4'!$AA$4:$AA$1001,"<>",'Data R4'!$AD$4:$AD$1001,$A27)+COUNTIFS('Data R5'!$AA$4:$AA$1001,"<>",'Data R5'!$AD$4:$AD$1001,$A27)+COUNTIFS('Data R6'!$AA$4:$AA$1001,"<>",'Data R6'!$AD$4:$AD$1001,$A27)+COUNTIFS('Data R7'!$AA$4:$AA$1001,"<>",'Data R7'!$AD$4:$AD$1001,$A27)+COUNTIFS('Data R4P'!$AA$4:$AA$1001,"<>",'Data R4P'!$AD$4:$AD$1001,$A27)+COUNTIFS('Data SW'!$AA$4:$AA$1001,"<>",'Data SW'!$AD$4:$AD$1001,$A27) | G27: =COUNTIFS('Data R1'!$AB$4:$AB$1001,"<>",'Data R1'!$AD$4:$AD$1001,$A27)+COUNTIFS('Data R2'!$AB$4:$AB$1001,"<>",'Data R2'!$AD$4:$AD$1001,$A27)+COUNTIFS('Data R3'!$AB$4:$AB$1001,"<>",'Data R3'!$AD$4:$AD$1001,$A27)+COUNTIFS('Data R4'!$AB$4:$AB$1001,"<>",'Data R4'!$AD$4:$AD$1001,$A27)+COUNTIFS('Data R5'!$AB$4:$AB$1001,"<>",'Data R5'!$AD$4:$AD$1001,$A27)+COUNTIFS('Data R6'!$AB$4:$AB$1001,"<>",'Data R6'!$AD$4:$AD$1001,$A27)+COUNTIFS('Data R7'!$AB$4:$AB$1001,"<>",'Data R7'!$AD$4:$AD$1001,$A27)+COUNTIFS('Data R4P'!$AB$4:$AB$1001,"<>",'Data R4P'!$AD$4:$AD$1001,$A27)+COUNTIFS('Data SW'!$AB$4:$AB$1001,"<>",'Data SW'!$AD$4:$AD$1001,$A27) | H27: =IF(B27=0,0,ROUND(G27/B27*100,0))
A28: TOTAL | B28: =SUM(B25:B27) | C28: =SUM(C25:C27) | D28: =SUM(D25:D27) | E28: =SUM(E25:E27) | F28: =SUM(F25:F27) | G28: =SUM(G25:G27) | H28: =IF(B28=0,0,ROUND(G28/B28*100,0))
A30: RINGKASAN PER TAHUN PER REGIONAL (otomatis)
A31: Tahun | B31: Regional 1 | C31: Regional 2 | D31: Regional 3 | E31: Regional 4 | F31: Regional 5 | G31: Regional 6 | H31: Regional 7 | I31: Regional 4 Palmco | J31: Swasta/PPKS | K31: TOTAL
A32: 2024 | B32: =COUNTIFS('Data R1'!$AD$4:$AD$1001,$A32,'Data R1'!$C$4:$C$1001,"<>") | C32: =COUNTIFS('Data R2'!$AD$4:$AD$1001,$A32,'Data R2'!$C$4:$C$1001,"<>") | D32: =COUNTIFS('Data R3'!$AD$4:$AD$1001,$A32,'Data R3'!$C$4:$C$1001,"<>") | E32: =COUNTIFS('Data R4'!$AD$4:$AD$1001,$A32,'Data R4'!$C$4:$C$1001,"<>") | F32: =COUNTIFS('Data R5'!$AD$4:$AD$1001,$A32,'Data R5'!$C$4:$C$1001,"<>") | G32: =COUNTIFS('Data R6'!$AD$4:$AD$1001,$A32,'Data R6'!$C$4:$C$1001,"<>") | H32: =COUNTIFS('Data R7'!$AD$4:$AD$1001,$A32,'Data R7'!$C$4:$C$1001,"<>") | I32: =COUNTIFS('Data R4P'!$AD$4:$AD$1001,$A32,'Data R4P'!$C$4:$C$1001,"<>") | J32: =COUNTIFS('Data SW'!$AD$4:$AD$1001,$A32,'Data SW'!$C$4:$C$1001,"<>") | K32: =SUM(B32:J32)
A33: 2025 | B33: =COUNTIFS('Data R1'!$AD$4:$AD$1001,$A33,'Data R1'!$C$4:$C$1001,"<>") | C33: =COUNTIFS('Data R2'!$AD$4:$AD$1001,$A33,'Data R2'!$C$4:$C$1001,"<>") | D33: =COUNTIFS('Data R3'!$AD$4:$AD$1001,$A33,'Data R3'!$C$4:$C$1001,"<>") | E33: =COUNTIFS('Data R4'!$AD$4:$AD$1001,$A33,'Data R4'!$C$4:$C$1001,"<>") | F33: =COUNTIFS('Data R5'!$AD$4:$AD$1001,$A33,'Data R5'!$C$4:$C$1001,"<>") | G33: =COUNTIFS('Data R6'!$AD$4:$AD$1001,$A33,'Data R6'!$C$4:$C$1001,"<>") | H33: =COUNTIFS('Data R7'!$AD$4:$AD$1001,$A33,'Data R7'!$C$4:$C$1001,"<>") | I33: =COUNTIFS('Data R4P'!$AD$4:$AD$1001,$A33,'Data R4P'!$C$4:$C$1001,"<>") | J33: =COUNTIFS('Data SW'!$AD$4:$AD$1001,$A33,'Data SW'!$C$4:$C$1001,"<>") | K33: =SUM(B33:J33)
A34: 2026 | B34: =COUNTIFS('Data R1'!$AD$4:$AD$1001,$A34,'Data R1'!$C$4:$C$1001,"<>") | C34: =COUNTIFS('Data R2'!$AD$4:$AD$1001,$A34,'Data R2'!$C$4:$C$1001,"<>") | D34: =COUNTIFS('Data R3'!$AD$4:$AD$1001,$A34,'Data R3'!$C$4:$C$1001,"<>") | E34: =COUNTIFS('Data R4'!$AD$4:$AD$1001,$A34,'Data R4'!$C$4:$C$1001,"<>") | F34: =COUNTIFS('Data R5'!$AD$4:$AD$1001,$A34,'Data R5'!$C$4:$C$1001,"<>") | G34: =COUNTIFS('Data R6'!$AD$4:$AD$1001,$A34,'Data R6'!$C$4:$C$1001,"<>") | H34: =COUNTIFS('Data R7'!$AD$4:$AD$1001,$A34,'Data R7'!$C$4:$C$1001,"<>") | I34: =COUNTIFS('Data R4P'!$AD$4:$AD$1001,$A34,'Data R4P'!$C$4:$C$1001,"<>") | J34: =COUNTIFS('Data SW'!$AD$4:$AD$1001,$A34,'Data SW'!$C$4:$C$1001,"<>") | K34: =SUM(B34:J34)
A35: TOTAL | B35: =SUM(B32:B34) | C35: =SUM(C32:C34) | D35: =SUM(D32:D34) | E35: =SUM(E32:E34) | F35: =SUM(F32:F34) | G35: =SUM(G32:G34) | H35: =SUM(H32:H34) | I35: =SUM(I32:I34) | ... K35: =SUM(K32:K34)
A37: RINGKASAN % SELESAI PER TAHUN PER REGIONAL (otomatis)
A38: Tahun | B38: Regional 1 | C38: Regional 2 | D38: Regional 3 | E38: Regional 4 | F38: Regional 5 | G38: Regional 6 | H38: Regional 7 | I38: Regional 4 Palmco | J38: Swasta/PPKS | K38: TOTAL
A39: 2024 | B39: =IF(COUNTIFS('Data R1'!$AD$4:$AD$1001,$A39,'Data R1'!$C$4:$C$1001,"<>")=0,0,ROUND(COUNTIFS('Data R1'!$AD$4:$AD$1001,$A39,'Data R1'!$AB$4:$AB$1001,"<>")/COUNTIFS('Data R1'!$AD$4:$AD$1001,$A39,'Data R1'!$C$4:$C$1001,"<>")*100,0)) | C39: =IF(COUNTIFS('Data R2'!$AD$4:$AD$1001,$A39,'Data R2'!$C$4:$C$1001,"<>")=0,0,ROUND(COUNTIFS('Data R2'!$AD$4:$AD$1001,$A39,'Data R2'!$AB$4:$AB$1001,"<>")/COUNTIFS('Data R2'!$AD$4:$AD$1001,$A39,'Data R2'!$C$4:$C$1001,"<>")*100,0)) | D39: =IF(COUNTIFS('Data R3'!$AD$4:$AD$1001,$A39,'Data R3'!$C$4:$C$1001,"<>")=0,0,ROUND(COUNTIFS('Data R3'!$AD$4:$AD$1001,$A39,'Data R3'!$AB$4:$AB$1001,"<>")/COUNTIFS('Data R3'!$AD$4:$AD$1001,$A39,'Data R3'!$C$4:$C$1001,"<>")*100,0)) | E39: =IF(COUNTIFS('Data R4'!$AD$4:$AD$1001,$A39,'Data R4'!$C$4:$C$1001,"<>")=0,0,ROUND(COUNTIFS('Data R4'!$AD$4:$AD$1001,$A39,'Data R4'!$AB$4:$AB$1001,"<>")/COUNTIFS('Data R4'!$AD$4:$AD$1001,$A39,'Data R4'!$C$4:$C$1001,"<>")*100,0)) | F39: =IF(COUNTIFS('Data R5'!$AD$4:$AD$1001,$A39,'Data R5'!$C$4:$C$1001,"<>")=0,0,ROUND(COUNTIFS('Data R5'!$AD$4:$AD$1001,$A39,'Data R5'!$AB$4:$AB$1001,"<>")/COUNTIFS('Data R5'!$AD$4:$AD$1001,$A39,'Data R5'!$C$4:$C$1001,"<>")*100,0)) | G39: =IF(COUNTIFS('Data R6'!$AD$4:$AD$1001,$A39,'Data R6'!$C$4:$C$1001,"<>")=0,0,ROUND(COUNTIFS('Data R6'!$AD$4:$AD$1001,$A39,'Data R6'!$AB$4:$AB$1001,"<>")/COUNTIFS('Data R6'!$AD$4:$AD$1001,$A39,'Data R6'!$C$4:$C$1001,"<>")*100,0)) | H39: =IF(COUNTIFS('Data R7'!$AD$4:$AD$1001,$A39,'Data R7'!$C$4:$C$1001,"<>")=0,0,ROUND(COUNTIFS('Data R7'!$AD$4:$AD$1001,$A39,'Data R7'!$AB$4:$AB$1001,"<>")/COUNTIFS('Data R7'!$AD$4:$AD$1001,$A39,'Data R7'!$C$4:$C$1001,"<>")*100,0)) | I39: =IF(COUNTIFS('Data R4P'!$AD$4:$AD$1001,$A39,'Data R4P'!$C$4:$C$1001,"<>")=0,0,ROUND(COUNTIFS('Data R4P'!$AD$4:$AD$1001,$A39,'Data R4P'!$AB$4:$AB$1001,"<>")/COUNTIFS('Data R4P'!$AD$4:$AD$1001,$A39,'Data R4P'!$C$4:$C$1001,"<>")*100,0)) | J39: =IF(COUNTIFS('Data SW'!$AD$4:$AD$1001,$A39,'Data SW'!$C$4:$C$1001,"<>")=0,0,ROUND(COUNTIFS('Data SW'!$AD$4:$AD$1001,$A39,'Data SW'!$AB$4:$AB$1001,"<>")/COUNTIFS('Data SW'!$AD$4:$AD$1001,$A39,'Data SW'!$C$4:$C$1001,"<>")*100,0)) | K39: =IF(SUM(B39:J39)=0,0,ROUND(AVERAGE(B39:J39),0))
A40: 2025 | B40: =IF(COUNTIFS('Data R1'!$AD$4:$AD$1001,$A40,'Data R1'!$C$4:$C$1001,"<>")=0,0,ROUND(COUNTIFS('Data R1'!$AD$4:$AD$1001,$A40,'Data R1'!$AB$4:$AB$1001,"<>")/COUNTIFS('Data R1'!$AD$4:$AD$1001,$A40,'Data R1'!$C$4:$C$1001,"<>")*100,0)) | C40: =IF(COUNTIFS('Data R2'!$AD$4:$AD$1001,$A40,'Data R2'!$C$4:$C$1001,"<>")=0,0,ROUND(COUNTIFS('Data R2'!$AD$4:$AD$1001,$A40,'Data R2'!$AB$4:$AB$1001,"<>")/COUNTIFS('Data R2'!$AD$4:$AD$1001,$A40,'Data R2'!$C$4:$C$1001,"<>")*100,0)) | D40: =IF(COUNTIFS('Data R3'!$AD$4:$AD$1001,$A40,'Data R3'!$C$4:$C$1001,"<>")=0,0,ROUND(COUNTIFS('Data R3'!$AD$4:$AD$1001,$A40,'Data R3'!$AB$4:$AB$1001,"<>")/COUNTIFS('Data R3'!$AD$4:$AD$1001,$A40,'Data R3'!$C$4:$C$1001,"<>")*100,0)) | E40: =IF(COUNTIFS('Data R4'!$AD$4:$AD$1001,$A40,'Data R4'!$C$4:$C$1001,"<>")=0,0,ROUND(COUNTIFS('Data R4'!$AD$4:$AD$1001,$A40,'Data R4'!$AB$4:$AB$1001,"<>")/COUNTIFS('Data R4'!$AD$4:$AD$1001,$A40,'Data R4'!$C$4:$C$1001,"<>")*100,0)) | F40: =IF(COUNTIFS('Data R5'!$AD$4:$AD$1001,$A40,'Data R5'!$C$4:$C$1001,"<>")=0,0,ROUND(COUNTIFS('Data R5'!$AD$4:$AD$1001,$A40,'Data R5'!$AB$4:$AB$1001,"<>")/COUNTIFS('Data R5'!$AD$4:$AD$1001,$A40,'Data R5'!$C$4:$C$1001,"<>")*100,0)) | G40: =IF(COUNTIFS('Data R6'!$AD$4:$AD$1001,$A40,'Data R6'!$C$4:$C$1001,"<>")=0,0,ROUND(COUNTIFS('Data R6'!$AD$4:$AD$1001,$A40,'Data R6'!$AB$4:$AB$1001,"<>")/COUNTIFS('Data R6'!$AD$4:$AD$1001,$A40,'Data R6'!$C$4:$C$1001,"<>")*100,0)) | H40: =IF(COUNTIFS('Data R7'!$AD$4:$AD$1001,$A40,'Data R7'!$C$4:$C$1001,"<>")=0,0,ROUND(COUNTIFS('Data R7'!$AD$4:$AD$1001,$A40,'Data R7'!$AB$4:$AB$1001,"<>")/COUNTIFS('Data R7'!$AD$4:$AD$1001,$A40,'Data R7'!$C$4:$C$1001,"<>")*100,0)) | I40: =IF(COUNTIFS('Data R4P'!$AD$4:$AD$1001,$A40,'Data R4P'!$C$4:$C$1001,"<>")=0,0,ROUND(COUNTIFS('Data R4P'!$AD$4:$AD$1001,$A40,'Data R4P'!$AB$4:$AB$1001,"<>")/COUNTIFS('Data R4P'!$AD$4:$AD$1001,$A40,'Data R4P'!$C$4:$C$1001,"<>")*100,0)) | J40: =IF(COUNTIFS('Data SW'!$AD$4:$AD$1001,$A40,'Data SW'!$C$4:$C$1001,"<>")=0,0,ROUND(COUNTIFS('Data SW'!$AD$4:$AD$1001,$A40,'Data SW'!$AB$4:$AB$1001,"<>")/COUNTIFS('Data SW'!$AD$4:$AD$1001,$A40,'Data SW'!$C$4:$C$1001,"<>")*100,0)) | K40: =IF(SUM(B40:J40)=0,0,ROUND(AVERAGE(B40:J40),0))
A41: 2026 | B41: =IF(COUNTIFS('Data R1'!$AD$4:$AD$1001,$A41,'Data R1'!$C$4:$C$1001,"<>")=0,0,ROUND(COUNTIFS('Data R1'!$AD$4:$AD$1001,$A41,'Data R1'!$AB$4:$AB$1001,"<>")/COUNTIFS('Data R1'!$AD$4:$AD$1001,$A41,'Data R1'!$C$4:$C$1001,"<>")*100,0)) | C41: =IF(COUNTIFS('Data R2'!$AD$4:$AD$1001,$A41,'Data R2'!$C$4:$C$1001,"<>")=0,0,ROUND(COUNTIFS('Data R2'!$AD$4:$AD$1001,$A41,'Data R2'!$AB$4:$AB$1001,"<>")/COUNTIFS('Data R2'!$AD$4:$AD$1001,$A41,'Data R2'!$C$4:$C$1001,"<>")*100,0)) | D41: =IF(COUNTIFS('Data R3'!$AD$4:$AD$1001,$A41,'Data R3'!$C$4:$C$1001,"<>")=0,0,ROUND(COUNTIFS('Data R3'!$AD$4:$AD$1001,$A41,'Data R3'!$AB$4:$AB$1001,"<>")/COUNTIFS('Data R3'!$AD$4:$AD$1001,$A41,'Data R3'!$C$4:$C$1001,"<>")*100,0)) | E41: =IF(COUNTIFS('Data R4'!$AD$4:$AD$1001,$A41,'Data R4'!$C$4:$C$1001,"<>")=0,0,ROUND(COUNTIFS('Data R4'!$AD$4:$AD$1001,$A41,'Data R4'!$AB$4:$AB$1001,"<>")/COUNTIFS('Data R4'!$AD$4:$AD$1001,$A41,'Data R4'!$C$4:$C$1001,"<>")*100,0)) | F41: =IF(COUNTIFS('Data R5'!$AD$4:$AD$1001,$A41,'Data R5'!$C$4:$C$1001,"<>")=0,0,ROUND(COUNTIFS('Data R5'!$AD$4:$AD$1001,$A41,'Data R5'!$AB$4:$AB$1001,"<>")/COUNTIFS('Data R5'!$AD$4:$AD$1001,$A41,'Data R5'!$C$4:$C$1001,"<>")*100,0)) | G41: =IF(COUNTIFS('Data R6'!$AD$4:$AD$1001,$A41,'Data R6'!$C$4:$C$1001,"<>")=0,0,ROUND(COUNTIFS('Data R6'!$AD$4:$AD$1001,$A41,'Data R6'!$AB$4:$AB$1001,"<>")/COUNTIFS('Data R6'!$AD$4:$AD$1001,$A41,'Data R6'!$C$4:$C$1001,"<>")*100,0)) | H41: =IF(COUNTIFS('Data R7'!$AD$4:$AD$1001,$A41,'Data R7'!$C$4:$C$1001,"<>")=0,0,ROUND(COUNTIFS('Data R7'!$AD$4:$AD$1001,$A41,'Data R7'!$AB$4:$AB$1001,"<>")/COUNTIFS('Data R7'!$AD$4:$AD$1001,$A41,'Data R7'!$C$4:$C$1001,"<>")*100,0)) | I41: =IF(COUNTIFS('Data R4P'!$AD$4:$AD$1001,$A41,'Data R4P'!$C$4:$C$1001,"<>")=0,0,ROUND(COUNTIFS('Data R4P'!$AD$4:$AD$1001,$A41,'Data R4P'!$AB$4:$AB$1001,"<>")/COUNTIFS('Data R4P'!$AD$4:$AD$1001,$A41,'Data R4P'!$C$4:$C$1001,"<>")*100,0)) | J41: =IF(COUNTIFS('Data SW'!$AD$4:$AD$1001,$A41,'Data SW'!$C$4:$C$1001,"<>")=0,0,ROUND(COUNTIFS('Data SW'!$AD$4:$AD$1001,$A41,'Data SW'!$AB$4:$AB$1001,"<>")/COUNTIFS('Data SW'!$AD$4:$AD$1001,$A41,'Data SW'!$C$4:$C$1001,"<>")*100,0)) | K41: =IF(SUM(B41:J41)=0,0,ROUND(AVERAGE(B41:J41),0))
A42: TOTAL | B42: =H12 | C42: =H13 | D42: =H14 | E42: =H15 | F42: =H16 | G42: =H17 | H42: =H18 | I42: =H19 | J42: =H20 | K42: =H21
A44: STATISTIK SUDah DIKIRIM & MASIH PROSES PER TAHUN (otomatis)
A45: Tahun | B45: Total KeBun | C45: Sudah Dikirim | D45: Masih Proses | E45: % Sudah Dikirim
A46: 2024 | B46: =COUNTIFS('Data R1'!$AD$4:$AD$1001,$A46,'Data R1'!$C$4:$C$1001,"<>")+COUNTIFS('Data R2'!$AD$4:$AD$1001,$A46,'Data R2'!$C$4:$C$1001,"<>")+COUNTIFS('Data R3'!$AD$4:$AD$1001,$A46,'Data R3'!$C$4:$C$1001,"<>")+COUNTIFS('Data R4'!$AD$4:$AD$1001,$A46,'Data R4'!$C$4:$C$1001,"<>")+COUNTIFS('Data R5'!$AD$4:$AD$1001,$A46,'Data R5'!$C$4:$C$1001,"<>")+COUNTIFS('Data R6'!$AD$4:$AD$1001,$A46,'Data R6'!$C$4:$C$1001,"<>")+COUNTIFS('Data R7'!$AD$4:$AD$1001,$A46,'Data R7'!$C$4:$C$1001,"<>")+COUNTIFS('Data R4P'!$AD$4:$AD$1001,$A46,'Data R4P'!$C$4:$C$1001,"<>")+COUNTIFS('Data SW'!$AD$4:$AD$1001,$A46,'Data SW'!$C$4:$C$1001,"<>") | C46: =COUNTIFS('Data R1'!$AD$4:$AD$1001,$A46,'Data R1'!$AB$4:$AB$1001,"<>")+COUNTIFS('Data R2'!$AD$4:$AD$1001,$A46,'Data R2'!$AB$4:$AB$1001,"<>")+COUNTIFS('Data R3'!$AD$4:$AD$1001,$A46,'Data R3'!$AB$4:$AB$1001,"<>")+COUNTIFS('Data R4'!$AD$4:$AD$1001,$A46,'Data R4'!$AB$4:$AB$1001,"<>")+COUNTIFS('Data R5'!$AD$4:$AD$1001,$A46,'Data R5'!$AB$4:$AB$1001,"<>")+COUNTIFS('Data R6'!$AD$4:$AD$1001,$A46,'Data R6'!$AB$4:$AB$1001,"<>")+COUNTIFS('Data R7'!$AD$4:$AD$1001,$A46,'Data R7'!$AB$4:$AB$1001,"<>")+COUNTIFS('Data R4P'!$AD$4:$AD$1001,$A46,'Data R4P'!$AB$4:$AB$1001,"<>")+COUNTIFS('Data SW'!$AD$4:$AD$1001,$A46,'Data SW'!$AB$4:$AB$1001,"<>") | D46: =B46-C46 | E46: =IF(B46=0,0,ROUND(C46/B46*100,0))
A47: 2025 | B47: =COUNTIFS('Data R1'!$AD$4:$AD$1001,$A47,'Data R1'!$C$4:$C$1001,"<>")+COUNTIFS('Data R2'!$AD$4:$AD$1001,$A47,'Data R2'!$C$4:$C$1001,"<>")+COUNTIFS('Data R3'!$AD$4:$AD$1001,$A47,'Data R3'!$C$4:$C$1001,"<>")+COUNTIFS('Data R4'!$AD$4:$AD$1001,$A47,'Data R4'!$C$4:$C$1001,"<>")+COUNTIFS('Data R5'!$AD$4:$AD$1001,$A47,'Data R5'!$C$4:$C$1001,"<>")+COUNTIFS('Data R6'!$AD$4:$AD$1001,$A47,'Data R6'!$C$4:$C$1001,"<>")+COUNTIFS('Data R7'!$AD$4:$AD$1001,$A47,'Data R7'!$C$4:$C$1001,"<>")+COUNTIFS('Data R4P'!$AD$4:$AD$1001,$A47,'Data R4P'!$C$4:$C$1001,"<>")+COUNTIFS('Data SW'!$AD$4:$AD$1001,$A47,'Data SW'!$C$4:$C$1001,"<>") | C47: =COUNTIFS('Data R1'!$AD$4:$AD$1001,$A47,'Data R1'!$AB$4:$AB$1001,"<>")+COUNTIFS('Data R2'!$AD$4:$AD$1001,$A47,'Data R2'!$AB$4:$AB$1001,"<>")+COUNTIFS('Data R3'!$AD$4:$AD$1001,$A47,'Data R3'!$AB$4:$AB$1001,"<>")+COUNTIFS('Data R4'!$AD$4:$AD$1001,$A47,'Data R4'!$AB$4:$AB$1001,"<>")+COUNTIFS('Data R5'!$AD$4:$AD$1001,$A47,'Data R5'!$AB$4:$AB$1001,"<>")+COUNTIFS('Data R6'!$AD$4:$AD$1001,$A47,'Data R6'!$AB$4:$AB$1001,"<>")+COUNTIFS('Data R7'!$AD$4:$AD$1001,$A47,'Data R7'!$AB$4:$AB$1001,"<>")+COUNTIFS('Data R4P'!$AD$4:$AD$1001,$A47,'Data R4P'!$AB$4:$AB$1001,"<>")+COUNTIFS('Data SW'!$AD$4:$AD$1001,$A47,'Data SW'!$AB$4:$AB$1001,"<>") | D47: =B47-C47 | E47: =IF(B47=0,0,ROUND(C47/B47*100,0))
A48: 2026 | B48: =COUNTIFS('Data R1'!$AD$4:$AD$1001,$A48,'Data R1'!$C$4:$C$1001,"<>")+COUNTIFS('Data R2'!$AD$4:$AD$1001,$A48,'Data R2'!$C$4:$C$1001,"<>")+COUNTIFS('Data R3'!$AD$4:$AD$1001,$A48,'Data R3'!$C$4:$C$1001,"<>")+COUNTIFS('Data R4'!$AD$4:$AD$1001,$A48,'Data R4'!$C$4:$C$1001,"<>")+COUNTIFS('Data R5'!$AD$4:$AD$1001,$A48,'Data R5'!$C$4:$C$1001,"<>")+COUNTIFS('Data R6'!$AD$4:$AD$1001,$A48,'Data R6'!$C$4:$C$1001,"<>")+COUNTIFS('Data R7'!$AD$4:$AD$1001,$A48,'Data R7'!$C$4:$C$1001,"<>")+COUNTIFS('Data R4P'!$AD$4:$AD$1001,$A48,'Data R4P'!$C$4:$C$1001,"<>")+COUNTIFS('Data SW'!$AD$4:$AD$1001,$A48,'Data SW'!$C$4:$C$1001,"<>") | C48: =COUNTIFS('Data R1'!$AD$4:$AD$1001,$A48,'Data R1'!$AB$4:$AB$1001,"<>")+COUNTIFS('Data R2'!$AD$4:$AD$1001,$A48,'Data R2'!$AB$4:$AB$1001,"<>")+COUNTIFS('Data R3'!$AD$4:$AD$1001,$A48,'Data R3'!$AB$4:$AB$1001,"<>")+COUNTIFS('Data R4'!$AD$4:$AD$1001,$A48,'Data R4'!$AB$4:$AB$1001,"<>")+COUNTIFS('Data R5'!$AD$4:$AD$1001,$A48,'Data R5'!$AB$4:$AB$1001,"<>")+COUNTIFS('Data R6'!$AD$4:$AD$1001,$A48,'Data R6'!$AB$4:$AB$1001,"<>")+COUNTIFS('Data R7'!$AD$4:$AD$1001,$A48,'Data R7'!$AB$4:$AB$1001,"<>")+COUNTIFS('Data R4P'!$AD$4:$AD$1001,$A48,'Data R4P'!$AB$4:$AB$1001,"<>")+COUNTIFS('Data SW'!$AD$4:$AD$1001,$A48,'Data SW'!$AB$4:$AB$1001,"<>") | D48: =B48-C48 | E48: =IF(B48=0,0,ROUND(C48/B48*100,0))
A49: TOTAL KeBun | B49: =SUM(B46:B48) | C49: =SUM(C46:C48) | D49: =B49-C49 | E49: =IF(B49=0,0,ROUND(C49/B49*100,0))

Sheet Data R1
A1: MONITORING LAPORAN BANTUAN TEKNIS - Regional 1 | J1: Korektor | Z1: MONITORING LAPORAN BANTUAN TEKNIS - Regional 1
J2: Pak Edi Sigit Sutarta | L2: Pak Iput Pradiko | N2: Buk Nuzul Hijri | P2: Pak Eko | R2: Pak Madiyuanto | T2: Buk Ratna | V2: Pak Josep | X2: Pak Desra
A3: No | B3: Perusahaan | C3: Kebun/Lokasi | D3: Petugas | E3: Tanggal Kunjungan | F3: Kegiatan | G3: Draft Masuk | H3: Draft Korektor | I3: Korektor | J3: Tanggal (Masuk) | K3: Tanggal (Keluar) | L3: Tanggal (Masuk) | M3: Tanggal (Keluar) | N3: Tanggal (Masuk) | O3: Tanggal (Keluar) | P3: Tanggal (Masuk) | Q3: Tanggal (Keluar) | R3: Tanggal (Masuk) | S3: Tanggal (Keluar) | T3: Tanggal (Masuk) | U3: Tanggal (Keluar) | V3: Tanggal (Masuk) | W3: Tanggal (Keluar) | X3: Tanggal (Masuk) | Y3: Tanggal (Keluar) | Z3: Revisi | AA3: Cetak | AB3: Sudah Dikirim | AC3: STATUS | AD3: Tahun | AE3: Folder Laporan | AF3: Catatan
A4: 1 | B4: PTPN IV Regional I | C4: Dusun Hulu | D4: Mahardika Gama Pradana, Anastasya Fadhia Lubis, nirwanto | E4: 22-24 April 2025 | F4: Pengawalan pengendalian hama UPDKS | AC4: =IF($C4="","",IF($AB4="","PROSES","SELESAI")) | AD4: 2025 | AE4: =HYPERLINK("file:///E:/Muslim/Pelayanan/Kirim MitraKarya/Bantek/2025/PTPN/PT Perkebunan Nusantara IV Regional 1/FS TU/Net/Ref bulan Desember","[Buka 2 file]")
A5: 2 | B5: PTPN IV Regional I | C5: Batang Toru | D5: Asma Nabila, Anastasya Fadia Lubis, Riadi, Emil Jamal | E5: 07-11 Juli 2025 | F5: Kajian kelayakan rencana tanaman ulang tahun 2025 | G5: 22-07-2025 | H5: 22-07-2025 | J5: 45860 | K5: 45860 | L5: 45904 | M5: 45904 | N5: 45888 | O5: 45888 | AA5: 30-08-2025 | AC5: =IF($C5="","",IF($AB5="","PROSES","SELESAI")) | AD5: 2025 | AE5: =HYPERLINK("file:///E:/Muslim/Pelayanan/Kirim MitraKarya/Bantek/2025/PTPN/PT Perkebunan Nusantara IV Regional 1/FS TU/Net/Ref bulan Desember","[Buka 2 file]")
A6: 3 | B6: PTPN IV Regional I | C6: Labuhan Haji | G6: 22-07-2025 | H6: 22-07-2025 | J6: 45860 | K6: 45860 | L6: 45904 | M6: 45904 | N6: 45888 | O6: 45888 | AA6: 30-08-2025 | AC6: =IF($C6="","",IF($AB6="","PROSES","SELESAI")) | AD6: 2025 | AE6: =HYPERLINK("file:///E:/Muslim/Pelayanan/Kirim MitraKarya/Bantek/2025/PTPN/PT Perkebunan Nusantara IV Regional 1/FS TU/Net/Ref bulan Desember","[Buka 2 file]")
A7: 4 | B7: PTPN IV Regional I | C7: Bojong Datar | D7: Asma Nabila, M. Faizal Ridwan, Habiburrahman Malik Al-Hamda, Nurdian | F7: Kajian kelayakan rencana tanaman ulang tahun 2025 | G7: 15-12-2025 | J7: 46007 | K7: 46007 | L7: 46219 | M7: 46219 | N7: 46028 | O7: 46028 | P7: 46085 | Q7: 46085 | Z7: 04-03-2026 | AA7: 13-05-2026 | AC7: =IF($C7="","",IF($AB7="","PROSES","SELESAI")) | AD7: 2025 | AE7: =HYPERLINK("file:///E:/Muslim/Pelayanan/Kirim MitraKarya/Bantek/2025/PTPN/PT Perkebunan Nusantara IV Regional 1/FS TU/Net/Ref bulan Desember","[Buka 2 file]")
A8: 5 | B8: PTPN IV Regional I | C8: Cisalak Baru | G8: 15-12-2025 | J8: 46007 | K8: 46007 | L8: 46219 | M8: 46219 | N8: 46028 | O8: 46028 | P8: 46030 | Q8: 46030 | Z8: 08-01-2026 | AA8: 13-05-2026 | AC8: =IF($C8="","",IF($AB8="","PROSES","SELESAI")) | AD8: 2025 | AE8: =HYPERLINK("file:///E:/Muslim/Pelayanan/Kirim MitraKarya/Bantek/2025/PTPN/PT Perkebunan Nusantara IV Regional 1/FS TU/Net/Ref bulan Desember","[Buka 2 file]")
A9: 6 | B9: PTPN IV Regional I | C9: Kertajaya | G9: 15-12-2025 | J9: 46007 | K9: 46007 | L9: 46219 | M9: 46219 | N9: 46028 | O9: 46028 | P9: 46085 | Q9: 46085 | Z9: 04-03-2026 | AA9: 13-05-2026 | AC9: =IF($C9="","",IF($AB9="","PROSES","SELESAI")) | AD9: 2025 | AE9: =HYPERLINK("file:///E:/Muslim/Pelayanan/Kirim MitraKarya/Bantek/2025/PTPN/PT Perkebunan Nusantara IV Regional 1/FS TU/Net/Ref bulan Desember","[Buka 2 file]")
A10: 7 | B10: PTPN IV Regional 1 | C10: Sei Meranti, Bukit Tujuh | F10: Kriteria matang panen tahun 2025 | G10: 29-05-2026 | H10: 29-05-2026 | J10: 46171 | K10: 46171 | L10: 46219 | M10: 46219 | N10: 46182 | O10: 46182 | Z10: 11-06-2026 | AA10: 18-06-2026 | AC10: =IF($C10="","",IF($AB10="","PROSES","SELESAI")) | AD10: 2025 | AE10: =HYPERLINK("file:///E:/Muslim/Pelayanan/Kirim MitraKarya/Bantek/2025/PTPN/PT Perkebunan Nusantara IV Regional 1/FS TU/Net/Ref bulan Desember","[Buka 2 file]")
A11: 8 | B11: PTPN IV Regional 2 | C11: Bah jambi | G11: 29-05-2026 | H11: 29-05-2026 | J11: 46171 | K11: 46171 | L11: 46219 | M11: 46219 | N11: 46182 | O11: 46182 | Z11: 11-06-2026 | AA11: 18-06-2026 | AC11: =IF($C11="","",IF($AB11="","PROSES","SELESAI")) | AD11: 2025 | AE11: =HYPERLINK("file:///E:/Muslim/Pelayanan/Kirim MitraKarya/Bantek/2024/PTPN/PTPN IV Regional II/Evaluasi rencana tanam ulang tahun 2025/02. Ajamu/Narasi/Cetak 1","[Buka 2 file]")
A12: 9 | B12: PTPN IV Regional 1 | C12: Sei Kebara | F12: Kajian kelayakan rencana tanaman ulang tahun 2026 | J12: 46050 | K12: 46050 | L12: 46059 | M12: 46059 | AC12: =IF($C12="","",IF($AB12="","PROSES","SELESAI")) | AD12: 2025 | AE12: =HYPERLINK("file:///E:/Muslim/Pelayanan/Kirim MitraKarya/Bantek/2025/PTPN/PT Perkebunan Nusantara IV Regional 1/FS TU/Net/Ref bulan Desember","[Buka 2 file]")
A13: 10 | B13: PTPN IV Regional 1 | C13: Silau Dunia | J13: 46050 | K13: 46050 | L13: 46059 | M13: 46059 | AC13: =IF($C13="","",IF($AB13="","PROSES","SELESAI")) | AD13: 2025 | AE13: =HYPERLINK("file:///E:/Muslim/Pelayanan/Kirim MitraKarya/Bantek/2025/PTPN/PT Perkebunan Nusantara IV Regional 1/FS TU/Net/Ref bulan Desember","[Buka 2 file]")
A14: 11 | B14: PTPN IV Regional 1 | C14: Gunung Pamela | J14: 46050 | K14: 46050 | L14: 46059 | M14: 46059 | AC14: =IF($C14="","",IF($AB14="","PROSES","SELESAI")) | AD14: 2025 | AE14: =HYPERLINK("file:///E:/Muslim/Pelayanan/Kirim MitraKarya/Bantek/2025/PTPN/PT Perkebunan Nusantara IV Regional 1/FS TU/Net/Ref bulan Desember","[Buka 2 file]")
A15: 12 | B15: PTPN IV Regional 1 | C15: Rantau Prapat | J15: 46050 | K15: 46050 | L15: 46059 | M15: 46059 | AC15: =IF($C15="","",IF($AB15="","PROSES","SELESAI")) | AD15: 2025 | AE15: =HYPERLINK("file:///E:/Muslim/Pelayanan/Kirim MitraKarya/Bantek/2025/PTPN/PT Perkebunan Nusantara IV Regional 1/FS TU/Net/Ref bulan Desember","[Buka 2 file]")
A16: 13 | B16: PTPN IV Regional 1 | C16: Rambutan | J16: 46050 | K16: 46050 | L16: 46059 | M16: 46059 | AC16: =IF($C16="","",IF($AB16="","PROSES","SELESAI")) | AD16: 2025 | AE16: =HYPERLINK("file:///E:/Muslim/Pelayanan/Kirim MitraKarya/Bantek/2025/PTPN/PT Perkebunan Nusantara IV Regional 1/FS TU/Net/Ref bulan Desember","[Buka 2 file]")
A17: 14 | B17: PTPN IV Regional 1 | C17: Aek Nabara Utara | J17: 46050 | K17: 46050 | L17: 46059 | M17: 46059 | AC17: =IF($C17="","",IF($AB17="","PROSES","SELESAI")) | AD17: 2025 | AE17: =HYPERLINK("file:///E:/Muslim/Pelayanan/Kirim MitraKarya/Bantek/2025/PTPN/PT Perkebunan Nusantara IV Regional 1/FS TU/Net/Ref bulan Desember","[Buka 2 file]")
A18: 15 | B18: PTPN IV Regional 1 | C18: Sisumut | J18: 46050 | K18: 46050 | L18: 46059 | M18: 46059 | AC18: =IF($C18="","",IF($AB18="","PROSES","SELESAI")) | AD18: 2025 | AE18: =HYPERLINK("file:///E:/Muslim/Pelayanan/Kirim MitraKarya/Bantek/2025/PTPN/PT Perkebunan Nusantara IV Regional 1/FS TU/Net/Ref bulan Desember","[Buka 2 file]")
A19: 16 | B19: PTPN IV Regional 1 | C19: Sarang Giting | G19: 10-08-2026 | H19: 10-08-2026 | AC19: =IF($C19="","",IF($AB19="","PROSES","SELESAI")) | AD19: 2025 | AE19: =HYPERLINK("file:///E:/Muslim/Pelayanan/Kirim MitraKarya/Bantek/2025/PTPN/PT Perkebunan Nusantara IV Regional 1/FS TU/Net/Ref bulan Desember","[Buka 2 file]")
A20: 17 | B20: PTPN IV Regional I (eks PTPN III) | C20: Sei Silau | D20: Desra Sahputra, Akbar Arlandes Simanjutak | E20: 18-21 Januari 2024 | F20: Evaluasi areal TBM I kelapa sawit | J20: 45316 | K20: 45316 | AC20: =IF($C20="","",IF($AB20="","PROSES","SELESAI")) | AD20: 2024 | AE20: =HYPERLINK("file:///E:/Muslim/Pelayanan/Kirim MitraKarya/Bantek/2024/PTPN/PTPN IV Regional I/Kajian Fuso/Aek Raso/Narasi/Cetak 1","[Buka 2 file]")
A21: 18 | B21: PTPN IV Regional I (eks PTPN III) | C21: Dusun Hulu | J21: 45316 | K21: 45316 | AC21: =IF($C21="","",IF($AB21="","PROSES","SELESAI")) | AD21: 2024 | AE21: =HYPERLINK("file:///E:/Muslim/Pelayanan/Kirim MitraKarya/Bantek/2024/PTPN/PTPN IV Regional I/Kajian Fuso/Aek Raso/Narasi/Cetak 1","[Buka 2 file]")
A22: 19 | B22: PTPN IV Regional I (eks PTPN III) | C22: Sei Putih | J22: 45316 | K22: 45316 | AC22: =IF($C22="","",IF($AB22="","PROSES","SELESAI")) | AD22: 2024 | AE22: =HYPERLINK("file:///E:/Muslim/Pelayanan/Kirim MitraKarya/Bantek/2024/PTPN/PTPN IV Regional I/Kajian Fuso/Aek Raso/Narasi/Cetak 1","[Buka 2 file]")
A23: 20 | B23: PTPN IV Regional I | C23: Sei Dadap | D23: Mahardika Gama Pradana, nirwanto, panji kusuma | E23: 27 Mei-02 Jun 2024 | F23: Evaluasi buah Partenokarpi | Z23: 05-08-2024 | AA23: 05-08-2024 | AC23: =IF($C23="","",IF($AB23="","PROSES","SELESAI")) | AD23: 2024 | AE23: =HYPERLINK("file:///E:/Muslim/Pelayanan/Kirim MitraKarya/Bantek/2024/PTPN/PTPN IV Regional I/Kajian Fuso/Aek Raso/Narasi/Cetak 1","[Buka 2 file]")
A24: 21 | B24: PTPN IV Regional I | C24: Karang Inong -Datim | D24: Iput Pradiko, Kurnia Rinanda, Muslim Nugraha, Dharma Syahputra | E24: 27-31 Agustus 2024 | F24: Kajian Teknis Areal Non Produktif (Puso) | G24: 03-09-2024 | H24: 04-09-2024 | J24: 45326 | K24: 45326 | L24: 45573 | M24: 45573 | Z24: 09-10-2024 | AA24: 30-10-2024 | AC24: =IF($C24="","",IF($AB24="","PROSES","SELESAI")) | AD24: 2024 | AE24: =HYPERLINK("file:///E:/Muslim/Pelayanan/Kirim MitraKarya/Bantek/2024/PTPN/PTPN IV Regional I/Kajian Fuso/Aek Raso/Narasi/Cetak 1","[Buka 2 file]")
A25: 22 | B25: PTPN IV Regional I | C25: Gunung Pamela | D25: Nuzul Hijri Darlan, Asma Nabila, Burju Silaban, Rama Gilang Pradana, M. Arif Prasetyo | E25: 09-13 Juli 2024 | F25: Kajian Teknis Areal Non Produktif (Puso) | G25: 12-08-2024 | H25: 12-08-2024 | J25: 45516 | K25: 45516 | L25: 45537 | M25: 45537 | N25: 45596 | O25: 45596 | Z25: 01-10-2024 | AA25: 01-10-2024 | AC25: =IF($C25="","",IF($AB25="","PROSES","SELESAI")) | AD25: 2024 | AE25: =HYPERLINK("file:///E:/Muslim/Pelayanan/Kirim MitraKarya/Bantek/2024/PTPN/PTPN IV Regional I/Kajian Fuso/Aek Raso/Narasi/Cetak 1","[Buka 2 file]")
A26: 23 | B26: PTPN IV Regional I | C26: Aek Raso | G26: 12-08-2024 | H26: 12-08-2024 | J26: 45516 | K26: 45516 | L26: 45537 | M26: 45537 | N26: 45596 | O26: 45596 | Z26: 01-10-2024 | AA26: 01-10-2024 | AC26: =IF($C26="","",IF($AB26="","PROSES","SELESAI")) | AD26: 2024 | AE26: =HYPERLINK("file:///E:/Muslim/Pelayanan/Kirim MitraKarya/Bantek/2024/PTPN/PTPN IV Regional I/Kajian Fuso/Aek Raso/Narasi/Cetak 1","[Buka 2 file]")
A27: 24 | B27: PTPN IV Regional I | C27: Tanah Raja | G27: 12-08-2024 | H27: 12-08-2024 | J27: 45516 | K27: 45516 | L27: 45537 | M27: 45537 | N27: 45596 | O27: 45596 | Z27: 01-10-2024 | AA27: 01-10-2024 | AC27: =IF($C27="","",IF($AB27="","PROSES","SELESAI")) | AD27: 2024 | AE27: =HYPERLINK("file:///E:/Muslim/Pelayanan/Kirim MitraKarya/Bantek/2024/PTPN/PTPN IV Regional I/Kajian Fuso/Aek Raso/Narasi/Cetak 1","[Buka 2 file]")
A28: 25 | B28: PTPN IV Regional I | C28: Sei Putih | D28: Asma Nabila, Anastasya Fadia Lubis, M. Faisal Ridwan, Dewi Ismayani Fuad, Emil Jamal, Dheny Ramon Damanik | E28: 17-29 Juli 2024 | F28: Evaluasi Rencana Tanam Ulang Tahun 2025 | G28: 17-09-2024 | H28: 17-09-2024 | J28: 45552 | K28: 45552 | L28: 45573 | M28: 45573 | Z28: 20-10-2024 | AC28: =IF($C28="","",IF($AB28="","PROSES","SELESAI")) | AD28: 2024 | AE28: =HYPERLINK("file:///E:/Muslim/Pelayanan/Kirim MitraKarya/Bantek/2024/PTPN/PTPN IV Regional I/Kajian Fuso/Aek Raso/Narasi/Cetak 1","[Buka 2 file]")
A29: 26 | B29: PTPN IV Regional I | C29: Ambalutu | G29: 17-09-2024 | H29: 17-09-2024 | J29: 45552 | K29: 45552 | L29: 45573 | M29: 45573 | Z29: 20-10-2024 | AC29: =IF($C29="","",IF($AB29="","PROSES","SELESAI")) | AD29: 2024 | AE29: =HYPERLINK("file:///E:/Muslim/Pelayanan/Kirim MitraKarya/Bantek/2024/PTPN/PTPN IV Regional I/Kajian Fuso/Aek Raso/Narasi/Cetak 1","[Buka 2 file]")
A30: 27 | B30: PTPN IV Regional I | C30: Batang Toru | G30: 17-09-2024 | H30: 17-09-2024 | J30: 45552 | K30: 45552 | L30: 45573 | M30: 45573 | Z30: 20-10-2024 | AC30: =IF($C30="","",IF($AB30="","PROSES","SELESAI")) | AD30: 2024 | AE30: =HYPERLINK("file:///E:/Muslim/Pelayanan/Kirim MitraKarya/Bantek/2024/PTPN/PTPN IV Regional I/Kajian Fuso/Aek Raso/Narasi/Cetak 1","[Buka 2 file]")
A31: 28 | B31: PTPN IV Regional I | C31: Merbau Selatan | G31: 17-09-2024 | H31: 17-09-2024 | J31: 45552 | K31: 45552 | L31: 45573 | M31: 45573 | Z31: 20-10-2024 | AC31: =IF($C31="","",IF($AB31="","PROSES","SELESAI")) | AD31: 2024 | AE31: =HYPERLINK("file:///E:/Muslim/Pelayanan/Kirim MitraKarya/Bantek/2024/PTPN/PTPN IV Regional I/Kajian Fuso/Aek Raso/Narasi/Cetak 1","[Buka 2 file]")
A32: 29 | B32: PTPN IV Regional I | C32: Sei Kebara | G32: 17-09-2024 | H32: 17-09-2024 | J32: 45552 | K32: 45552 | L32: 45573 | M32: 45573 | Z32: 20-10-2024 | AC32: =IF($C32="","",IF($AB32="","PROSES","SELESAI")) | AD32: 2024 | AE32: =HYPERLINK("file:///E:/Muslim/Pelayanan/Kirim MitraKarya/Bantek/2024/PTPN/PTPN IV Regional I/Kajian Fuso/Aek Raso/Narasi/Cetak 1","[Buka 2 file]")
A33: 30 | B33: PTPN IV Regional I | C33: Aek Nabara Utara | G33: 17-09-2024 | H33: 17-09-2024 | J33: 45552 | K33: 45552 | L33: 45573 | M33: 45573 | Z33: 20-10-2024 | AC33: =IF($C33="","",IF($AB33="","PROSES","SELESAI")) | AD33: 2024 | AE33: =HYPERLINK("file:///E:/Muslim/Pelayanan/Kirim MitraKarya/Bantek/2024/PTPN/PTPN IV Regional I/Kajian Fuso/Aek Raso/Narasi/Cetak 1","[Buka 2 file]")
A34: 31 | B34: PTPN IV Regional I | C34: Sei Dadap | D34: Sumaryanto, dicky arbianto, muslim nugraha | E34: 19-23 Juni 2024 | F34: BT (Evaluasi TBM III Big hole) | AC34: =IF($C34="","",IF($AB34="","PROSES","SELESAI")) | AD34: 2024 | AE34: =HYPERLINK("file:///E:/Muslim/Pelayanan/Kirim MitraKarya/Bantek/2024/PTPN/PTPN IV Regional I/Kajian Fuso/Aek Raso/Narasi/Cetak 1","[Buka 2 file]")
A35: 32 | B35: PTPN IV Regional I | C35: Sei Daun | D35: Iput Pradiko, harifin, zulhamdani sembiring | E35: 04-09 Desember 2024 | F35: Kajian pelepah sengkleh alami TM kelapa sawi | AC35: =IF($C35="","",IF($AB35="","PROSES","SELESAI")) | AD35: 2024 | AE35: =HYPERLINK("file:///E:/Muslim/Pelayanan/Kirim MitraKarya/Bantek/2024/PTPN/PTPN IV Regional I/Kajian Fuso/Aek Raso/Narasi/Cetak 1","[Buka 2 file]")
A36: 33 | B36: PTPN IV Regional I | C36: Torgamba | AC36: =IF($C36="","",IF($AB36="","PROSES","SELESAI")) | AD36: 2024 | AE36: =HYPERLINK("file:///E:/Muslim/Pelayanan/Kirim MitraKarya/Bantek/2024/PTPN/PTPN IV Regional I/Kajian Fuso/Aek Raso/Narasi/Cetak 1","[Buka 2 file]")
AC37: =IF($C37="","",IF($AB37="","PROSES","SELESAI"))
AC38: =IF($C38="","",IF($AB38="","PROSES","SELESAI"))
AC39: =IF($C39="","",IF($AB39="","PROSES","SELESAI"))
AC40: =IF($C40="","",IF($AB40="","PROSES","SELESAI"))
AC41: =IF($C41="","",IF($AB41="","PROSES","SELESAI"))
AC42: =IF($C42="","",IF($AB42="","PROSES","SELESAI"))
AC43: =IF($C43="","",IF($AB43="","PROSES","SELESAI"))
AC44: =IF($C44="","",IF($AB44="","PROSES","SELESAI"))
AC45: =IF($C45="","",IF($AB45="","PROSES","SELESAI"))
AC46: =IF($C46="","",IF($AB46="","PROSES","SELESAI"))
AC47: =IF($C47="","",IF($AB47="","PROSES","SELESAI"))
AC48: =IF($C48="","",IF($AB48="","PROSES","SELESAI"))
... AC1001: =IF($C1001="","",IF($AB1001="","PROSES","SELESAI"))

Sheet Data R2
A1: MONITORING LAPORAN BANTUAN TEKNIS - Regional 2 | J1: Korektor | Z1: MONITORING LAPORAN BANTUAN TEKNIS - Regional 2
J2: Pak Edi Sigit Sutarta | L2: Pak Iput Pradiko | N2: Buk Nuzul Hijri | P2: Pak Prast | R2: Pak Eko | T2: Pak Madiyuanto | V2: Buk Ratna | X2: Pak Desra
A3: No | B3: Perusahaan | C3: Kebun/Lokasi | D3: Petugas | E3: Tanggal Kunjungan | F3: Kegiatan | G3: Draft Masuk | H3: Draft Korektor | I3: Korektor | J3: Tanggal (Masuk) | K3: Tanggal (Keluar) | L3: Tanggal (Masuk) | M3: Tanggal (Keluar) | N3: Tanggal (Masuk) | O3: Tanggal (Keluar) | P3: Tanggal (Masuk) | Q3: Tanggal (Keluar) | R3: Tanggal (Masuk) | S3: Tanggal (Keluar) | T3: Tanggal (Masuk) | U3: Tanggal (Keluar) | V3: Tanggal (Masuk) | W3: Tanggal (Keluar) | X3: Tanggal (Masuk) | Y3: Tanggal (Keluar) | Z3: Revisi | AA3: Cetak | AB3: Sudah Dikirim | AC3: STATUS | AD3: Tahun | AE3: Folder Laporan | AF3: Catatan
A4: 1 | B4: PTPN IV Regional II | C4: Air Tenang | D4: Hambali, Saidah Putri Rambe, Hendrik Sucahyo, Permadi, Frandy, Emil Jamal | E4: 21 - 25 Januari 2026 | F4: Kajian rencana tanaman ulang kelapa sawit tahun 2026 | J4: 46072 | K4: 46080 | L4: 46118 | M4: 46118 | AC4: =IF($C4="","",IF($AB4="","PROSES","SELESAI")) | AD4: 2026 | AE4: =HYPERLINK("file:///E:/Muslim/Pelayanan/Kirim MitraKarya/Bantek/2024/PTPN/PTPN IV Regional II/Kajian Pembumbunan/1. Adolina/Narasi/Cetak 1","[Buka 1 file]")
A5: 2 | B5: PTPN IV Regional II | C5: Tanjung Jati | J5: 46072 | K5: 46080 | L5: 46118 | M5: 46118 | AC5: =IF($C5="","",IF($AB5="","PROSES","SELESAI")) | AD5: 2026 | AE5: =HYPERLINK("file:///E:/Muslim/Pelayanan/Kirim MitraKarya/Bantek/2024/PTPN/PTPN IV Regional II/Evaluasi rencana tanam ulang tahun 2025/02. Ajamu/Narasi/Cetak 1","[Buka 2 file]")
A6: 3 | B6: PTPN IV Regional II | C6: Sawit Seberang | J6: 46072 | K6: 46080 | L6: 46118 | M6: 46118 | AC6: =IF($C6="","",IF($AB6="","PROSES","SELESAI")) | AD6: 2026 | AE6: =HYPERLINK("file:///E:/Muslim/Pelayanan/Kirim MitraKarya/Bantek/2024/PTPN/PTPN IV Regional II/Evaluasi rencana tanam ulang tahun 2025/02. Ajamu/Narasi/Cetak 1","[Buka 2 file]")
A7: 4 | B7: PTPN IV Regional II | C7: Sawit Hulu | J7: 46072 | K7: 46080 | L7: 46118 | M7: 46118 | AC7: =IF($C7="","",IF($AB7="","PROSES","SELESAI")) | AD7: 2026 | AE7: =HYPERLINK("file:///E:/Muslim/Pelayanan/Kirim MitraKarya/Bantek/2024/PTPN/PTPN IV Regional II/Evaluasi rencana tanam ulang tahun 2025/02. Ajamu/Narasi/Cetak 1","[Buka 2 file]")
A8: 5 | B8: PTPN IV Regional II | C8: Bah Jambi | D8: Muhdan Syarovy, Iput pradiko, Valdi Muhamad Rafiansyah Siregar, Eka Wijayanti, Bayu Aji Pamungkas, lambok siahaan, deny sahputra, paisal mizra mulyadi, handy s. saragih, dharma syahputra | E8: 13-22 Januari 2026 | F8: Kajian pembumbunan tanaman kelapa sawit pasca 16 bulan | AC8: =IF($C8="","",IF($AB8="","PROSES","SELESAI")) | AD8: 2026 | AE8: =HYPERLINK("file:///E:/Muslim/Pelayanan/Kirim MitraKarya/Bantek/2024/PTPN/PTPN IV Regional II/Kajian Pembumbunan/1. Adolina/Narasi/Cetak 1","[Buka 1 file]")
A9: 6 | B9: PTPN IV Regional II | C9: Gunung Bayu | AC9: =IF($C9="","",IF($AB9="","PROSES","SELESAI")) | AD9: 2026 | AE9: =HYPERLINK("file:///E:/Muslim/Pelayanan/Kirim MitraKarya/Bantek/2024/PTPN/PTPN IV Regional II/Evaluasi rencana tanam ulang tahun 2025/02. Ajamu/Narasi/Cetak 1","[Buka 2 file]")
A10: 7 | B10: PTPN IV Regional II | C10: Air Batu | AC10: =IF($C10="","",IF($AB10="","PROSES","SELESAI")) | AD10: 2026 | AE10: =HYPERLINK("file:///E:/Muslim/Pelayanan/Kirim MitraKarya/Bantek/2024/PTPN/PTPN IV Regional II/Evaluasi rencana tanam ulang tahun 2025/02. Ajamu/Narasi/Cetak 1","[Buka 2 file]")
A11: 8 | B11: PTPN IV Regional II | C11: Pulu Raja | AC11: =IF($C11="","",IF($AB11="","PROSES","SELESAI")) | AD11: 2026 | AE11: =HYPERLINK("file:///E:/Muslim/Pelayanan/Kirim MitraKarya/Bantek/2024/PTPN/PTPN IV Regional II/Evaluasi rencana tanam ulang tahun 2025/02. Ajamu/Narasi/Cetak 1","[Buka 2 file]")
A12: 9 | B12: PTPN IV Regional II | C12: Adolina | AC12: =IF($C12="","",IF($AB12="","PROSES","SELESAI")) | AD12: 2026 | AE12: =HYPERLINK("file:///E:/Muslim/Pelayanan/Kirim MitraKarya/Bantek/2024/PTPN/PTPN IV Regional II/Evaluasi rencana tanam ulang tahun 2025/02. Ajamu/Narasi/Cetak 1","[Buka 2 file]")
A13: 10 | B13: PTPN IV Regional II | C13: Tinjowan | AC13: =IF($C13="","",IF($AB13="","PROSES","SELESAI")) | AD13: 2026 | AE13: =HYPERLINK("file:///E:/Muslim/Pelayanan/Kirim MitraKarya/Bantek/2024/PTPN/PTPN IV Regional II/Evaluasi rencana tanam ulang tahun 2025/02. Ajamu/Narasi/Cetak 1","[Buka 2 file]")
A14: 11 | B14: PTPN IV Regional II | C14: Bah Birong Ulu | D14: Agung Rahmat Syahputra, Eka Wijayanti, apriliawan wahyu prabowo, ridoan lubis, mhd. Syuhdi | E14: 06 s/d 14 Juli 2026 | F14: Kajian rencana TU tahun 2027 | AC14: =IF($C14="","",IF($AB14="","PROSES","SELESAI")) | AD14: 2026 | AE14: =HYPERLINK("file:///E:/Muslim/Pelayanan/Kirim MitraKarya/Bantek/2024/PTPN/PTPN IV Regional II/Kajian Pembumbunan/1. Adolina/Narasi/Cetak 1","[Buka 1 file]")
A15: 12 | B15: PTPN IV Regional II | C15: Sei Kopas | AC15: =IF($C15="","",IF($AB15="","PROSES","SELESAI")) | AD15: 2026 | AE15: =HYPERLINK("file:///E:/Muslim/Pelayanan/Kirim MitraKarya/Bantek/2024/PTPN/PTPN IV Regional II/Evaluasi rencana tanam ulang tahun 2025/02. Ajamu/Narasi/Cetak 1","[Buka 2 file]")
A16: 13 | B16: PTPN IV Regional II | C16: Marihat | AC16: =IF($C16="","",IF($AB16="","PROSES","SELESAI")) | AD16: 2026 | AE16: =HYPERLINK("file:///E:/Muslim/Pelayanan/Kirim MitraKarya/Bantek/2024/PTPN/PTPN IV Regional II/Evaluasi rencana tanam ulang tahun 2025/02. Ajamu/Narasi/Cetak 1","[Buka 2 file]")
A17: 14 | B17: PTPN IV Regional II | C17: Pasir Mandoge | AC17: =IF($C17="","",IF($AB17="","PROSES","SELESAI")) | AD17: 2026 | AE17: =HYPERLINK("file:///E:/Muslim/Pelayanan/Kirim MitraKarya/Bantek/2024/PTPN/PTPN IV Regional II/Evaluasi rencana tanam ulang tahun 2025/02. Ajamu/Narasi/Cetak 1","[Buka 2 file]")
A18: 15 | B18: PTPN IV Regional II | C18: Tonduhan | AC18: =IF($C18="","",IF($AB18="","PROSES","SELESAI")) | AD18: 2026 | AE18: =HYPERLINK("file:///E:/Muslim/Pelayanan/Kirim MitraKarya/Bantek/2024/PTPN/PTPN IV Regional II/Evaluasi rencana tanam ulang tahun 2025/02. Ajamu/Narasi/Cetak 1","[Buka 2 file]")
A19: 16 | B19: PTPN IV Regional II | C19: Bah Jambi | AC19: =IF($C19="","",IF($AB19="","PROSES","SELESAI")) | AD19: 2026 | AE19: =HYPERLINK("file:///E:/Muslim/Pelayanan/Kirim MitraKarya/Bantek/2024/PTPN/PTPN IV Regional II/Evaluasi rencana tanam ulang tahun 2025/02. Ajamu/Narasi/Cetak 1","[Buka 2 file]")
A20: 17 | B20: PTPN IV Regional II | C20: Tinjowan | AC20: =IF($C20="","",IF($AB20="","PROSES","SELESAI")) | AD20: 2026 | AE20: =HYPERLINK("file:///E:/Muslim/Pelayanan/Kirim MitraKarya/Bantek/2024/PTPN/PTPN IV Regional II/Evaluasi rencana tanam ulang tahun 2025/02. Ajamu/Narasi/Cetak 1","[Buka 2 file]")
A21: 18 | B21: PTPN IV Regional II | C21: Padang Matinggi | AC21: =IF($C21="","",IF($AB21="","PROSES","SELESAI")) | AD21: 2026 | AE21: =HYPERLINK("file:///E:/Muslim/Pelayanan/Kirim MitraKarya/Bantek/2024/PTPN/PTPN IV Regional II/Evaluasi rencana tanam ulang tahun 2025/02. Ajamu/Narasi/Cetak 1","[Buka 2 file]")
A22: 19 | B22: PTPN IV Regional II | C22: Adolina | D22: Hambali Syahputra, Saidah Putri Rambe, hendrik sucahyo, riadi, paisal mizra mulyadi | G22: 18-08-2026 | AC22: =IF($C22="","",IF($AB22="","PROSES","SELESAI")) | AD22: 2026 | AE22: =HYPERLINK("file:///E:/Muslim/Pelayanan/Kirim MitraKarya/Bantek/2024/PTPN/PTPN IV Regional II/Evaluasi rencana tanam ulang tahun 2025/02. Ajamu/Narasi/Cetak 1","[Buka 2 file]")
A23: 20 | B23: PTPN IV Regional II | C23: Pabatu | G23: 18-08-2026 | AC23: =IF($C23="","",IF($AB23="","PROSES","SELESAI")) | AD23: 2026 | AE23: =HYPERLINK("file:///E:/Muslim/Pelayanan/Kirim MitraKarya/Bantek/2024/PTPN/PTPN IV Regional II/Evaluasi rencana tanam ulang tahun 2025/02. Ajamu/Narasi/Cetak 1","[Buka 2 file]")
A24: 21 | B24: PTPN IV Regional II | C24: Bukit Lima | G24: 18-08-2026 | AC24: =IF($C24="","",IF($AB24="","PROSES","SELESAI")) | AD24: 2026 | AE24: =HYPERLINK("file:///E:/Muslim/Pelayanan/Kirim MitraKarya/Bantek/2024/PTPN/PTPN IV Regional II/Evaluasi rencana tanam ulang tahun 2025/02. Ajamu/Narasi/Cetak 1","[Buka 2 file]")
A25: 22 | B25: PTPN IV Regional II | C25: Tanah Itam Ulu | G25: 18-08-2026 | AC25: =IF($C25="","",IF($AB25="","PROSES","SELESAI")) | AD25: 2026 | AE25: =HYPERLINK("file:///E:/Muslim/Pelayanan/Kirim MitraKarya/Bantek/2024/PTPN/PTPN IV Regional II/Evaluasi rencana tanam ulang tahun 2025/02. Ajamu/Narasi/Cetak 1","[Buka 2 file]")
A26: 23 | B26: PTPN IV Regional II | C26: Mayang | G26: 18-08-2026 | AC26: =IF($C26="","",IF($AB26="","PROSES","SELESAI")) | AD26: 2026 | AE26: =HYPERLINK("file:///E:/Muslim/Pelayanan/Kirim MitraKarya/Bantek/2024/PTPN/PTPN IV Regional II/Evaluasi rencana tanam ulang tahun 2025/02. Ajamu/Narasi/Cetak 1","[Buka 2 file]")
A27: 24 | B27: PTPN IV Regional II | C27: Dolok Sinumbah | G27: 18-08-2026 | AC27: =IF($C27="","",IF($AB27="","PROSES","SELESAI")) | AD27: 2026 | AE27: =HYPERLINK("file:///E:/Muslim/Pelayanan/Kirim MitraKarya/Bantek/2024/PTPN/PTPN IV Regional II/Evaluasi rencana tanam ulang tahun 2025/02. Ajamu/Narasi/Cetak 1","[Buka 2 file]")
A28: 25 | B28: PTPN IV Regional II | C28: Berangir | G28: 18-08-2026 | AC28: =IF($C28="","",IF($AB28="","PROSES","SELESAI")) | AD28: 2026 | AE28: =HYPERLINK("file:///E:/Muslim/Pelayanan/Kirim MitraKarya/Bantek/2024/PTPN/PTPN IV Regional II/Evaluasi rencana tanam ulang tahun 2025/02. Ajamu/Narasi/Cetak 1","[Buka 2 file]")
A29: 26 | B29: PTPN IV Regional II | C29: Meranti Paham | G29: 18-08-2026 | AC29: =IF($C29="","",IF($AB29="","PROSES","SELESAI")) | AD29: 2026 | AE29: =HYPERLINK("file:///E:/Muslim/Pelayanan/Kirim MitraKarya/Bantek/2024/PTPN/PTPN IV Regional II/Evaluasi rencana tanam ulang tahun 2025/02. Ajamu/Narasi/Cetak 1","[Buka 2 file]")
A30: 27 | B30: PTPN IV Regional 2 | C30: Sawit Hulu | D30: Kurnia Rinanda Filsofi Siregar, Bayu Aji Pamungkas, aditya handoyo putra, abdul rahman, handy s. saragih | E30: 20–24 Juli 2026 | F30: Kajian rencana tanaman ulang kelapa sawit tahun 2026 KSO eks PTPN 2 | AC30: =IF($C30="","",IF($AB30="","PROSES","SELESAI")) | AD30: 2026 | AE30: =HYPERLINK("file:///E:/Muslim/Pelayanan/Kirim MitraKarya/Bantek/2024/PTPN/PTPN IV Regional II/Kajian Pembumbunan/1. Adolina/Narasi/Cetak 1","[Buka 1 file]")
A31: 28 | B31: PTPN IV Regional 2 | C31: Batang Serangan | AC31: =IF($C31="","",IF($AB31="","PROSES","SELESAI")) | AD31: 2026 | AE31: =HYPERLINK("file:///E:/Muslim/Pelayanan/Kirim MitraKarya/Bantek/2024/PTPN/PTPN IV Regional II/Evaluasi rencana tanam ulang tahun 2025/02. Ajamu/Narasi/Cetak 1","[Buka 2 file]")
A32: 29 | B32: PTPN IV Regional 2 | C32: Air Tenang | AC32: =IF($C32="","",IF($AB32="","PROSES","SELESAI")) | AD32: 2026 | AE32: =HYPERLINK("file:///E:/Muslim/Pelayanan/Kirim MitraKarya/Bantek/2024/PTPN/PTPN IV Regional II/Evaluasi rencana tanam ulang tahun 2025/02. Ajamu/Narasi/Cetak 1","[Buka 2 file]")
A33: 30 | B33: PTPN IV Regional 2 | C33: Tanjung Jati | AC33: =IF($C33="","",IF($AB33="","PROSES","SELESAI")) | AD33: 2026 | AE33: =HYPERLINK("file:///E:/Muslim/Pelayanan/Kirim MitraKarya/Bantek/2024/PTPN/PTPN IV Regional II/Evaluasi rencana tanam ulang tahun 2025/02. Ajamu/Narasi/Cetak 1","[Buka 2 file]")
A34: 31 | B34: PTPN IV Regional II | C34: Bah Jambi | D34: Iput Pradiko, M. Yusuf Muslim, Agung Rahmat Syahputra, Valdi Muhamad Rafiansyah Siregar | E34: 19-20 Februari 2025 | F34: Kajian rencana tanaman ulang pada areal garapan | G34: 22-05-2025 | H34: 22-05-2025 | J34: 45799 | K34: 45799 | L34: 45801 | M34: 45801 | AC34: =IF($C34="","",IF($AB34="","PROSES","SELESAI")) | AD34: 2025 | AE34: =HYPERLINK("file:///E:/Muslim/Pelayanan/Kirim MitraKarya/Bantek/2024/PTPN/PTPN IV Regional II/Evaluasi rencana tanam ulang tahun 2025/02. Ajamu/Narasi/Cetak 1","[Buka 2 file]")
A35: 32 | B35: PTPN IV Regional II | C35: Keera-Maroangin | D35: Sumaryanto, Desra Sahputra, Moh Imam Aulia, muslim nugraha, syukri agus harahap, dicky arbianto, febi satria lesmana | E35: 25 Feb-04 Mar 2025 | F35: Evaluasi kondisi TBM dan bibitan kelapa sawit | G35: 20-03-2025 | H35: 20-03-2025 | J35: 45736 | K35: 45736 | L35: 45741 | M35: 45741 | N35: 45756 | O35: 45756 | AC35: =IF($C35="","",IF($AB35="","PROSES","SELESAI")) | AD35: 2025 | AE35: =HYPERLINK("file:///E:/Muslim/Pelayanan/Kirim MitraKarya/Bantek/2024/PTPN/PTPN IV Regional II/Evaluasi rencana tanam ulang tahun 2025/02. Ajamu/Narasi/Cetak 1","[Buka 2 file]")
A36: 33 | B36: PTPN IV Regional II | C36: Air Tenang | D36: Muhdan Syarovy, dicky arbianto | E36: 16-18 April 2025 | F36: Evaluasi kondisi tanaman | AC36: =IF($C36="","",IF($AB36="","PROSES","SELESAI")) | AD36: 2025 | AE36: =HYPERLINK("file:///E:/Muslim/Pelayanan/Kirim MitraKarya/Bantek/2024/PTPN/PTPN IV Regional II/Evaluasi rencana tanam ulang tahun 2025/02. Ajamu/Narasi/Cetak 1","[Buka 2 file]")
A37: 34 | B37: PTPN IV Regional II | C37: Air Batu | D37: Muhayat, Agus Eko Prasetyo, Iput Pradiko, Desra Sahputra, Nirwanto, Ridoan Lubis, Panji Kusuma | E37: 45773 | F37: Pendampingan peningkatan produksi | AC37: =IF($C37="","",IF($AB37="","PROSES","SELESAI")) | AD37: 2025 | AE37: =HYPERLINK("file:///E:/Muslim/Pelayanan/Kirim MitraKarya/Bantek/2024/PTPN/PTPN IV Regional II/Evaluasi rencana tanam ulang tahun 2025/02. Ajamu/Narasi/Cetak 1","[Buka 2 file]")
A38: 35 | B38: PTPN IV Regional II | C38: Sawit Langkat | D38: Muhayat, Agus Eko Prasetyo, Iput Pradiko, Desra Sahputra, M. Yusuf Muslim, Theo Rizqy Gunawan, Nirwanto, Ridoan Lubis, Panji Kusuma | E38: 16-17 Mei 2024 | AC38: =IF($C38="","",IF($AB38="","PROSES","SELESAI")) | AD38: 2025 | AE38: =HYPERLINK("file:///E:/Muslim/Pelayanan/Kirim MitraKarya/Bantek/2024/PTPN/PTPN IV Regional II/Evaluasi rencana tanam ulang tahun 2025/02. Ajamu/Narasi/Cetak 1","[Buka 2 file]")
A39: 36 | B39: PTPN IV Regional II | C39: Gunung Bayu | D39: Muhayat, Agus Eko Prasetyo, Iput Pradiko, Desra Sahputra, M. Yusuf Muslim, Candra Oktavianus Debataraja, Mahardika Gama Pradana, riadi, genesa, handy s. saragih | E39: 31 Mei-01 Jun 2024 | AC39: =IF($C39="","",IF($AB39="","PROSES","SELESAI")) | AD39: 2025 | AE39: =HYPERLINK("file:///E:/Muslim/Pelayanan/Kirim MitraKarya/Bantek/2024/PTPN/PTPN IV Regional II/Evaluasi rencana tanam ulang tahun 2025/02. Ajamu/Narasi/Cetak 1","[Buka 2 file]")
A40: 37 | B40: PTPN IV Regional II | C40: Bah Jambi | D40: Asma Nabila, Anastasia Fadia Lubis, M. Faizal Ridwan, genesa, handy s. saragih | E40: 06-12 Oktober 2025 | F40: Kajian rencana tanaman ulang kelapa sawit tahun 2026 | J40: 45988 | K40: 45988 | L40: 45999 | M40: 45999 | Z40: 05-01-2026 | AC40: =IF($C40="","",IF($AB40="","PROSES","SELESAI")) | AD40: 2025 | AE40: =HYPERLINK("file:///E:/Muslim/Pelayanan/Kirim MitraKarya/Bantek/2024/PTPN/PTPN IV Regional II/Evaluasi rencana tanam ulang tahun 2025/02. Ajamu/Narasi/Cetak 1","[Buka 2 file]")
A41: 38 | B41: PTPN IV Regional II | C41: Marihat | G41: 15-12-2025 | J41: 46007 | K41: 46007 | L41: 46028 | M41: 46028 | Z41: 24-02-2026 | AC41: =IF($C41="","",IF($AB41="","PROSES","SELESAI")) | AD41: 2025 | AE41: =HYPERLINK("file:///E:/Muslim/Pelayanan/Kirim MitraKarya/Bantek/2024/PTPN/PTPN IV Regional II/Evaluasi rencana tanam ulang tahun 2025/02. Ajamu/Narasi/Cetak 1","[Buka 2 file]")
A42: 39 | B42: PTPN IV Regional II | C42: Pasir Mandoge | J42: 45988 | K42: 45988 | L42: 45999 | M42: 45999 | Z42: 05-01-2026 | AC42: =IF($C42="","",IF($AB42="","PROSES","SELESAI")) | AD42: 2025 | AE42: =HYPERLINK("file:///E:/Muslim/Pelayanan/Kirim MitraKarya/Bantek/2024/PTPN/PTPN IV Regional II/Evaluasi rencana tanam ulang tahun 2025/02. Ajamu/Narasi/Cetak 1","[Buka 2 file]")
A43: 40 | B43: PTPN IV Regional II | C43: Tinjowan | J43: 45988 | K43: 45988 | L43: 45999 | M43: 45999 | Z43: 05-01-2026 | AC43: =IF($C43="","",IF($AB43="","PROSES","SELESAI")) | AD43: 2025 | AE43: =HYPERLINK("file:///E:/Muslim/Pelayanan/Kirim MitraKarya/Bantek/2024/PTPN/PTPN IV Regional II/Evaluasi rencana tanam ulang tahun 2025/02. Ajamu/Narasi/Cetak 1","[Buka 2 file]")
A44: 41 | B44: PTPN IV Regional II | C44: Berangir | D44: Asma Nabila, Anastasia Fadia Lubis, M. Faizal Ridwan, genesa, handy s. saragih | E44: 08-14 Oktober 2025 | J44: 45971 | K44: 45971 | L44: 45992 | M44: 45992 | N44: 46059 | O44: 46059 | P44: Pak Josep (masuk: Rhozi Akbar Siregar) | Q44: Pak Josep (keluar: Rhozi Akbar Siregar) | Z44: 24-12-2025 | AA44: 08-01-2026 | AC44: =IF($C44="","",IF($AB44="","PROSES","SELESAI")) | AD44: 2025 | AE44: =HYPERLINK("file:///E:/Muslim/Pelayanan/Kirim MitraKarya/Bantek/2024/PTPN/PTPN IV Regional II/Evaluasi rencana tanam ulang tahun 2025/02. Ajamu/Narasi/Cetak 1","[Buka 2 file]")
A45: 42 | B45: PTPN IV Regional II | C45: Air Batu | J45: 45971 | K45: 45971 | L45: 45992 | M45: 45992 | N45: 46059 | O45: 46059 | P45: Pak Josep (masuk: Rhozi Akbar Siregar) | Q45: Pak Josep (keluar: Rhozi Akbar Siregar) | Z45: 24-12-2025 | AA45: 08-01-2026 | AC45: =IF($C45="","",IF($AB45="","PROSES","SELESAI")) | AD45: 2025 | AE45: =HYPERLINK("file:///E:/Muslim/Pelayanan/Kirim MitraKarya/Bantek/2024/PTPN/PTPN IV Regional II/Evaluasi rencana tanam ulang tahun 2025/02. Ajamu/Narasi/Cetak 1","[Buka 2 file]")
